Player,Offense,Defense,GP,Name,Squad,Viable
"Krupten",0,1,121812,DRMalak,"zzzDR zzHK-47 zBSF zzMalak Sith Empire Trooper 8",1
"Krupten",0,1,111684,padme,"zzPadme zGK zJKA zAhsoka zzC-3PO",1
"Krupten",1,0,116073,CLS,"zzzCLS zHan zzChewbacca zzR2-D2 Stormtrooper Han",1
"Krupten",1,1,99960,NS_Alt,"zzMT zzAV zDaka Talia Zombie",1
"Krupten",0,1,95360,Geonosians,"zzGBA Sun Fac, Geo Soldier, Geo Spy, Poggle",1
"Krupten",,,348922,HansMF,"Home One, Han's MF 5*, HT Ghost Phantom Biggs X-wing, Cassian's U-wing, Wedge X-wing",1
"Krupten",0,1,102022,Grievous,"zzGG zB2 zB1 zDroideka zMagnaGuard",1
"Krupten",1,0,104162,Traya,"zzTraya DN 9, Sion zzEP zThrawn",1
"Krupten",1,1,128040,Revan Offense,"zzzJKR zGMY BS zJolee zHYoda",1
"Krupten",1,1,78493,Ewoks,"zChirpa Elder Paploo Wicket 8, zLogray",1
"Krupten",0,1,106312,BH,"zzBossk Zam zDengar zJango zBoba",1
"Krupten",1,1,86813,Carth,"zCarth Onasi, Mission Zaalbar Juhani Canderous",1
"Krupten",0,1,106141,FO,"zzKRU zKylo zFOST FOO FOE",1
"Krupten",0,1,76535,Phoenix,"Hera Kanan Ezra Chopper Zeb",1
"Krupten",1,0,92141,ShaakClones,"zzShaak Ti, zRex zEcho 8, zzFives zARC Trooper 7",0
"Lala",0,1,124313,DRMalak,"zzzDR zzHK-47 zBSF zzMalak Sith Empire Trooper",1
"Lala",0,1,113633,padme,"zzPadme zGK zJKA zAhsoka zzC-3PO",1
"Lala",1,0,142809,CLS,"zzzCLS zHan zzChewbacca zzR2-D2 zzOld Ben",1
"Lala",,,411542,HansMF,"Home One, Han's MF, HT Bistan's U-wing, Phantom Ghost Cassian's U-wing, Wedge X-wing",1
"Lala",0,1,92873,Geonosians,"zzGBA Sun Fac, Geo Soldier, Geo Spy, Poggle",1
"Lala",0,1,102865,Grievous,"zzGG zB2 zB1 zDroideka zMagnaGuard",1
"Lala",,,105680,Nute-OR,"zNute zDooku zzJango zZaalbar zMission",1
"Lala",1,1,112700,Revan Offense,"zzzJKR zzGMY zBS zJolee Ezra",1
"Lala",1,1,92497,Ewoks,"zChirpa Elder zPaploo zWicket zLogray",1
"Lala",1,0,89304,ShaakClones,"zzShaak Ti, Rex Echo Fives ARC Trooper 8",1
"Lala",0,1,107043,BH,"zzBossk zZam zDengar Cad zBoba",1
"Lala",1,1,102348,zEP,"zzEP zzzVader zzTarkin TFP 8, DN",1
"Lala",0,1,81236,Phoenix,"Hera Kanan Chopper Sabine 8, Zeb",1
"Lala",0,1,83836,FO,"zzKRU zKylo FOTP FOST 9, FOO 8",1
"Lala",1,1,81944,Rogue1,"Jyn 8, Chirrut Baze K-2SO 9, zCassian",1
"Lala",1,0,19683,NestSolo (Counter),"zNest",1
"Lala",1,0,15034,SionSolo (Counter),"Sion 9",1
"Lala",1,1,74872,NS,"MT 8, zAV Daka 9, Zombie 8, Spirit 8",0
"JuanQue NoloVi",0,1,129345,DRMalak,"zzzDR zzHK-47 zBSF zzMalak Sith Empire Trooper",1
"JuanQue NoloVi",0,1,100673,padme,"zzPadme 8, zGK JKA 9, Ahsoka zzC-3PO",1
"JuanQue NoloVi",1,0,109320,CLS,"zzzCLS zHan zzChewbacca zzR2-D2 Old Ben",1
"JuanQue NoloVi",1,1,144296,NS_Alt,"zzMT zzAV zDaka Talia Zombie",1
"JuanQue NoloVi",0,1,98690,Geonosians,"zzGBA Sun Fac, Geo Soldier, Geo Spy, Poggle",1
"JuanQue NoloVi",,,408240,HansMF,"Home One, Han's MF, HT Ghost Phantom Biggs X-wing, Cassian's U-wing, Wedge X-wing",1
"JuanQue NoloVi",1,1,131729,Revan Offense,"zzzJKR zzGMY zBS zJolee zEzra",1
"JuanQue NoloVi",1,1,87402,Ewoks,"zChirpa Elder Paploo Wicket Logray",1
"JuanQue NoloVi",0,1,102173,BH,"zzBossk Zam Dengar 9, Greedo zBoba",1
"JuanQue NoloVi",1,1,99887,Carth,"zCarth Onasi, zMission zZaalbar zJuhani zCanderous",1
"JuanQue NoloVi",0,1,103613,Phoenix,"zHera zKanan Chopper zSabine zZeb",1
"JuanQue NoloVi",1,0,61955,Jawas,"Nebit 8, Jawa Engineer 9, Jawa Scavenger 8, Jawa 9, Dathcha",1
"JuanQue NoloVi",1,0,72022,IG88,"IG-88 GG 8, BB-8 9, T3-M4 8, L3-37 8",1
"JuanQue NoloVi",1,0,69319,EP (trio),"EP Traya 8, DN 8, Sion 8, Thrawn 9",1
"JuanQue NoloVi",,,52935,Nute-Wat,"Nute B1 8, B2 8, MagnaGuard 7, Wat Tambor 4* 5",0
"JuanQue NoloVi",1,0,73806,ShaakClones,"zzShaak Ti, Rex 8, Echo 9, Fives 9, ARC Trooper 8",0
"JuanQue NoloVi",1,0,62894,Troopers,"Veers 8, Starck Snowtrooper 8, Stormtrooper DT 6* 8",0
"JuanQue NoloVi",0,1,64414,FO,"KRU 8, Kylo 8, FOO 8, FOE Phasma 8",0
"JuanQue NoloVi",1,1,66972,Rogue1,"Jyn 8, Chirrut 8, Baze 6* 8, K-2SO 8, Cassian 8",0
"JuanQue NoloVi",1,0,81660,zMaul,"Maul 8, zDooku Sidious Sith Assassin, Sith Marauder",0
"neyde jean",0,1,126528,padme,"zzPadme zGK zJKA zAhsoka zzC-3PO",1
"neyde jean",0,1,112896,DRMalak,"zzzDR zHK-47 zBSF zzMalak Sith Assassin 8",1
"neyde jean",1,0,118396,CLS,"zzzCLS zHan zzChewbacca zzR2-D2 Stormtrooper Han",1
"neyde jean",1,1,94396,NS_Alt,"zzMT zzAV Daka Talia Zombie",1
"neyde jean",,,392645,HansMF,"Home One, Han's MF, HT Bistan's U-wing, Phantom Ghost Cassian's U-wing, Wedge X-wing",1
"neyde jean",0,1,94161,Geonosians,"zzGBA Sun Fac, Geo Soldier, Geo Spy, Poggle",1
"neyde jean",0,1,103136,Grievous,"zzGG zB2 zB1 zDroideka zMagnaGuard",1
"neyde jean",1,0,93253,Traya,"zzTraya DN 8, Sion 8, zzEP Thrawn 9",1
"neyde jean",,,89603,Nute-Wat,"zNute zDooku zWat Tambor 4* 9, Jango zNest",1
"neyde jean",1,1,123090,Revan Offense,"zzzJKR zzGMY zBS zJolee zzHYoda",1
"neyde jean",1,1,90031,Ewoks,"zChirpa Elder zPaploo zWicket zLogray",1
"neyde jean",0,1,98823,BH,"zzBossk Zam Dengar Cad zBoba",1
"neyde jean",1,1,94895,Carth,"zCarth Onasi, zMission zZaalbar zJuhani Canderous",1
"neyde jean",0,1,75891,Phoenix,"Hera 9, Kanan zEzra Sabine 8, Zeb 8",1
"neyde jean",1,0,105726,Wampa (Counter),"zRex zzWampa Krennic zVisas FOO",1
"neyde jean",1,0,73867,Troopers,"zVeers Starck 9, Snowtrooper 9, DT 9, Shoretrooper 9",1
"neyde jean",0,1,85964,FO,"zzKRU zKylo FOTP zFOST 9, Phasma 8",1
"neyde jean",1,1,73809,Rogue1,"Jyn 9, Chirrut 9, Baze K-2SO 8, Cassian",1
"neyde jean",1,0,65731,Jawas,"Nebit 9, Jawa Engineer 9, Jawa Scavenger 8, Jawa 7, Dathcha 8",0
"Jameg",0,1,96784,padme,"zzPadme 9, zGK zJKA zAhsoka CW Chewbacca 8",1
"Jameg",1,0,128623,CLS,"zzzCLS zHan zzChewbacca zzR2-D2 Old Ben 9",1
"Jameg",0,1,119125,DR,"zzzDR zzHK-47 zBSF Sith Empire Trooper, zzThrawn",1
"Jameg",1,1,134828,Revan Offense,"zzzJKR zzGMY zBS zJolee zEzra",1
"Jameg",0,1,115991,BH,"zzBossk zIG-88 zGreedo zzJango zBoba",1
"Jameg",0,1,85122,Phoenix,"zHera zKanan Chopper zSabine 8, Zeb 8",1
"Jameg",,,320274,Negotiator,"Negotiator 5* HT Anakin's Eta-2 Starfighter, Umbaran Starfighter 5*, Ahsoka Tano's Jedi Starfighter, BTL-B Y-wing Starfighter 3*, Clone Sergeant's ARC-170, Plo Koon's Jedi Starfighter 4*",0
"Jameg",0,1,76555,Grievous,"GG 5* 8, B2 4* 5, zNute zDooku T3-M4 9",0
"Jameg",,,62191,Mon Mothma,"Mon Mothma 3* 6, K-2SO 8, Biggs 8, Bodhi Rook 8, Wedge",0
"Jameg",1,1,75724,Ewoks,"Chirpa 9, Elder Paploo Teebo 9, Scout",0
"Jameg",1,1,82790,Carth,"zCarth Onasi, zMission 8, Zaalbar 8, zJuhani Canderous 7",0
"Jameg",1,0,66047,ShaakClones,"Shaak Ti 3* 5, Rex Echo 9, Fives 8, Clone Sergeant 8",0
"Jameg",1,1,97219,zEP,"zEP zzzVader zTarkin Traya 8, DN 4* 8",0
"Jameg",0,1,69709,FO,"KRU 8, Kylo 9, FOTP 8, FOO 8, Phasma 8",0
"Jameg",1,0,10035,SionSolo (Counter),"Sion 3* 8",0
"StarKiller316",1,1,148481,SL Kylo,"zzzzzzSL Kylo, zSith Trooper, zHux zzKRU zThrawn",1
"StarKiller316",1,1,96912,NS,"zzMT zzAV zDaka Zombie Spirit",1
"StarKiller316",0,1,120632,padme,"zzPadme zGK JKA zAhsoka zzC-3PO",1
"StarKiller316",1,0,134036,CLS,"zzzCLS zHan zzChewbacca zzR2-D2 zChewpio",1
"StarKiller316",,,404722,Negotiator,"Negotiator 6* HT Anakin's Eta-2 Starfighter, Umbaran Starfighter, Ahsoka Tano's Jedi Starfighter, BTL-B Y-wing Starfighter 6*, Clone Sergeant's ARC-170, Plo Koon's Jedi Starfighter",1
"StarKiller316",0,1,112485,DR,"zzzDR zzHK-47 zBSF Sith Empire Trooper, Sith Assassin 8",1
"StarKiller316",,,123814,JKL,"zzJKL zzzJKR zzHYoda Old Ben, zEzra",1
"StarKiller316",,,421239,HansMF,"Home One, Han's MF, Rebel Y-wing, Bistan's U-wing, Phantom Ghost Cassian's U-wing, Biggs X-wing",1
"StarKiller316",0,1,92807,Geonosians,"zzGBA Sun Fac, Geo Soldier, Geo Spy, Poggle",1
"StarKiller316",0,1,118208,Grievous,"zzGG zB2 zB1 zDroideka MagnaGuard",1
"StarKiller316",,,96129,Nute-OR,"zNute zDooku zJango zZaalbar zMission",1
"StarKiller316",1,1,128220,GAS,"zzzzGAS zRex Echo zzFives zARC Trooper",1
"StarKiller316",1,1,82074,Ewoks,"zChirpa 9, Elder Paploo zWicket Logray",1
"StarKiller316",0,1,98846,BH,"zBossk zZam Dengar Greedo zBoba",1
"StarKiller316",1,1,111690,zEP,"zzEP zzzVader Tarkin TFP DN",1
"StarKiller316",1,0,73052,Troopers,"zVeers Starck 9, Snowtrooper 9, Stormtrooper 9, DT 9",1
"StarKiller316",0,1,85162,Phoenix,"Hera zKanan Chopper zSabine Zeb",1
"StarKiller316",1,0,83752,Wiggs,"Wedge Biggs Leia Chirrut Baze",1
"StarKiller316",1,0,74484,Jawas,"Nebit Jawa Engineer, Jawa Scavenger 9, Jawa 9, Dathcha",1
"StarKiller316",1,0,18588,NestSolo (Counter),"zNest",1
"StarKiller316",1,0,16236,SionSolo (Counter),"Sion",1
"StarKiller316",,,396666,Executrix,"Executrix Tie Adv, Emperor's Shuttle 5*, TIE Reaper 6*, Imperial TIE Fighter, Gauntlet Starfighter 6*, First Order SF TIE Fighter, First Order TIE Fighter",0
"StarKiller316",,,80014,Mon Mothma,"zzMon Mothma 6* 9, Bistan 8, zPao Lando Hoth Rebel Scout 8",0
"The senate",0,1,137751,padme,"zzPadme zGK zJKA zAhsoka zzC-3PO",1
"The senate",1,0,107831,CLS,"zzzCLS zHan zzChewbacca zzR2-D2 Stormtrooper Han 9",1
"The senate",,,441648,Negotiator,"Negotiator 6* HT Anakin's Eta-2 Starfighter, Umbaran Starfighter, Ahsoka Tano's Jedi Starfighter, Clone Sergeant's ARC-170, Jedi Consular's Starfighter, Plo Koon's Jedi Starfighter",1
"The senate",0,1,95374,Geonosians,"zzGBA Sun Fac, Geo Soldier, Geo Spy, Poggle",1
"The senate",0,1,119814,Grievous,"zzGG zB2 zB1 zDroideka zMagnaGuard",1
"The senate",1,1,134073,Revan Offense,"zzzJKR zzGMY zBS zJolee zzHYoda",1
"The senate",1,0,130233,ShaakClones,"zzShaak Ti, zRex zEcho zzFives zARC Trooper",1
"The senate",1,1,90506,Ewoks,"zChirpa Elder zPaploo Scout zWicket",1
"The senate",0,1,108030,BH,"zzBossk Dengar 8, zGreedo zzJango zBoba",1
"The senate",1,1,111528,zEP,"zzEP zzzVader Tarkin 9, zSion zzDN",1
"The senate",0,1,96313,Phoenix,"zHera zKanan zEzra zSabine zZeb",1
"The senate",,,58847,Mon Mothma,"Mon Mothma 3* 6, Lando K-2SO 7, Biggs 8, Wedge 8",0
"The senate",0,1,54689,FO,"KRU 6* 7, Kylo 8, FOO 7, Phasma 7, Sith Trooper 3* 6",0
"The senate",1,0,6715,NestSolo (Counter),"Nest 3* 5",0
"Squirty",1,1,152766,SL Kylo,"zzzzzzSL Kylo, zSith Trooper, zHux zzKRU zThrawn",1
"Squirty",1,1,144739,GL Rey,"zzzzzzRey Holdo zGK zResistance Hero Poe, zResistance Hero Finn",1
"Squirty",0,1,109509,DRMalak,"zzzDR zHK-47 zBSF zzMalak Sith Empire Trooper 8",1
"Squirty",1,1,103266,NestSisters,"zzAV zMT zDaka Zombie zNest",1
"Squirty",1,0,113569,CLS,"zzzCLS zHan zChewbacca zzR2-D2 Old Ben 9",1
"Squirty",,,366729,HansMF,"Home One, Han's MF, Rebel Y-wing 6*, Bistan's U-wing, Phantom Ghost Cassian's U-wing, Biggs X-wing",1
"Squirty",0,1,94088,Geonosians,"zzGBA Sun Fac, Geo Soldier, Geo Spy, Poggle",1
"Squirty",0,1,109552,Grievous,"zGG zB2 zB1 zDroideka MagnaGuard",1
"Squirty",1,1,111733,Revan Offense,"zzJKR zGMY zHYoda zJolee zJKA",1
"Squirty",1,1,80149,Ewoks,"zChirpa Elder Paploo Wicket Logray 9",1
"Squirty",1,1,84275,Carth,"Carth Onasi, Mission Zaalbar Juhani 8, Canderous",1
"Squirty",0,1,97516,BH,"zzBossk Dengar 9, Cad Greedo zBoba",1
"Squirty",1,1,114801,zEP,"zzEP zzzVader zTarkin DT TFP",1
"Squirty",0,1,72108,Phoenix,"Hera 8, Kanan 8, Ezra Sabine 8, Zeb 8",1
"Squirty",1,0,90081,Wampa (Counter),"zRex Wampa Visas 8, Jyn 8, FOO",1
"Squirty",1,0,82601,Wiggs,"Wedge 7, Biggs Fulcrum 7, zzC-3PO Leia",1
"Squirty",1,0,80883,Troopers,"zVeers Starck zzAdmiral Piett 8, Snowtrooper 9, Shoretrooper 8",1
"Squirty",1,0,13324,SionSolo (Counter),"Sion 8",1
"Squirty",,,317709,Malevolence,"Malevolence 5* Sun Fac SF, Soldier SF, Spy SF, Hyena Bomber 6*, Vulture Droid 6*, IG-2000",0
"Squirty",,,413511,Executrix,"Executrix Tie Adv, Emperor's Shuttle 5*, TIE Reaper, Imperial TIE Fighter, Gauntlet Starfighter, First Order SF TIE Fighter, First Order TIE Fighter",0
"Squirty",,,68346,Mon Mothma,"Mon Mothma 6* 8, Pao 8, Lando Chirrut 8, Baze 7",0
"Squirty",0,1,77453,BH,"Jango 9, Zam 8, zThe Mandalorian 9, IG-88 Greef Karga 8",0
"Squirty",1,0,59228,Jawas,"Nebit 8, Jawa Engineer 9, Jawa Scavenger 8, Jawa 8, Dathcha 8",0
"Flat Taco",0,1,119608,DRMalak,"zzzDR zzHK-47 zBSF zzMalak Sith Empire Trooper 9",1
"Flat Taco",0,1,118052,padme,"zzPadme zGK zJKA zAhsoka zzC-3PO",1
"Flat Taco",1,1,91419,NestSisters,"zzAV zMT Daka Zombie zNest",1
"Flat Taco",0,1,99948,Geonosians,"zzGBA Sun Fac, Geo Soldier, Geo Spy, Poggle",1
"Flat Taco",1,0,107872,Traya,"zzTraya zDN zSion zzEP zThrawn",1
"Flat Taco",1,1,95581,JTR,"zzJTR Scav Rey, zBB-8 zR2-D2 Finn",1
"Flat Taco",1,1,127378,GAS,"zzzzGAS zRex zEcho zzFives zARC Trooper",1
"Flat Taco",1,1,111024,Revan Offense,"zzzJKR zGMY BS zJolee zHYoda",1
"Flat Taco",1,1,84235,Carth,"zCarth Onasi, zMission zZaalbar Juhani 8, Canderous",1
"Flat Taco",0,1,99028,BH,"zzBossk Cad Greedo zJango Boba",1
"Flat Taco",0,1,81119,FO,"zKRU Kylo FOST 8, FOO FOE",1
"Flat Taco",1,0,92467,Wiggs,"Wedge Biggs zCLS zHan zChewbacca",1
"Flat Taco",0,1,67257,Phoenix,"Hera 8, Kanan 8, Ezra 9, Chopper 8, Zeb 8",1
"Flat Taco",,,386257,Negotiator,"Negotiator HT Anakin's Eta-2 Starfighter, Umbaran Starfighter, Ahsoka Tano's Jedi Starfighter, BTL-B Y-wing Starfighter 3*, Clone Sergeant's ARC-170 5*, Rex's ARC-170",0
"Flat Taco",0,1,116199,Grievous,"zGG zB2 zB1 zDroideka MagnaGuard",0
"Flat Taco",1,1,67961,Ewoks,"zChirpa 9, Elder Paploo 9, Wicket Logray 7",0
"Sal",0,1,137392,DRMalak,"zzzDR zzHK-47 zBSF zzMalak Sith Empire Trooper",1
"Sal",0,1,114122,padme,"zzPadme 8, zGK zJKA zAhsoka zzC-3PO",1
"Sal",1,0,142013,CLS,"zzzCLS zHan zzChewbacca zzR2-D2 zzOld Ben",1
"Sal",,,407395,HansMF,"Home One, Han's MF 6*, Biggs X-wing, Bistan's U-wing, Phantom Ghost Cassian's U-wing, Wedge X-wing",1
"Sal",1,0,114727,Traya,"zzTraya zzDN zSion zzEP zzThrawn",1
"Sal",1,1,131439,Revan Offense,"zzzJKR zzGMY zBS zJolee zzHYoda",1
"Sal",1,1,95096,Ewoks,"zChirpa Elder zPaploo Scout zWicket",1
"Sal",1,1,107200,Carth,"zCarth Onasi, zMission zZaalbar zJuhani zCanderous",1
"Sal",0,1,110517,BH,"zzBossk Cad zGreedo zzJango zBoba",1
"Sal",0,1,76977,Phoenix,"Hera 9, Kanan Ezra Sabine Zeb 9",1
"Sal",0,1,76986,Geonosians,"GBA 9, Sun Fac 8, Geo Soldier, Geo Spy, Poggle",0
"Sal",0,1,68713,Grievous-Wat,"zzGG B2 7, B1 4* MagnaGuard 9, Wat Tambor 4* 8",0
"Sal",,,72876,Mon Mothma,"Mon Mothma 3* 8, Pao 8, Lando Chirrut 8, Hoth Rebel Scout 8",0
"Sal",1,1,70604,NS,"MT 8, zAV Daka 7, Zombie 8, Spirit 8",0
"Sal",1,0,77821,ShaakClones,"Shaak Ti 5* 8, zRex Echo Fives Clone Sergeant",0
"Sal",1,0,63634,Troopers,"Veers Starck 7, Snowtrooper 8, Range Trooper 4* 6, Shoretrooper",0
"Sal",0,1,69333,FO,"KRU 4* 8, Kylo FOTP FOST 9, FOO",0
"Sal",1,0,62655,Jawas,"Nebit 8, Jawa Engineer 6* 9, Jawa Scavenger 7, Jawa 9, Dathcha 7",0
"Sal",1,0,7303,NestSolo (Counter),"Nest 3* 7",0
"Teg",1,1,138877,SL Kylo,"zzzzzzSL Kylo, zSith Trooper, zHux zzKRU zThrawn",1
"Teg",0,1,129599,padme,"zzPadme zGK zJKA zAhsoka zzC-3PO",1
"Teg",0,1,109400,DRMalak,"zzzDR zzHK-47 zBSF zzMalak Sith Empire Trooper 8",1
"Teg",1,0,122646,CLS,"zzzCLS zHan zzChewbacca zzR2-D2 Stormtrooper Han",1
"Teg",,,358605,Malevolence,"Malevolence Sun Fac SF, Soldier SF, Spy SF, Hyena Bomber, Vulture Droid, IG-2000",1
"Teg",,,380980,HansMF,"Home One, Han's MF, Rebel Y-wing, Bistan's U-wing, Phantom Ghost Cassian's U-wing, Wedge X-wing",1
"Teg",0,1,96789,Geonosians,"zzGBA Sun Fac, Geo Soldier, Geo Spy, Poggle",1
"Teg",0,1,119590,Grievous,"zzGG zB2 zB1 zDroideka zMagnaGuard",1
"Teg",1,1,116911,GAS,"zzzzGAS zRex zEcho zzFives zARC Trooper",1
"Teg",1,1,115901,Revan Offense,"zzzJKR zGMY BS zJolee zzHYoda",1
"Teg",1,1,80228,Ewoks,"zChirpa Elder Paploo 9, Wicket Logray 9",1
"Teg",0,1,100921,BH,"zzBossk Dengar zIG-88 Greedo Boba",1
"Teg",1,1,91068,Carth,"zCarth Onasi, zMission Zaalbar Juhani Canderous",1
"Teg",1,1,102233,zEP,"zzEP zzVader Tarkin IPD 8, TFP 8",1
"Teg",0,1,82200,Phoenix,"Hera 9, Kanan 8, zEzra zSabine zZeb 8",1
"Teg",1,1,72539,Rogue1,"Jyn 8, Chirrut 8, Baze 8, K-2SO 8, Cassian",1
"Teg",1,0,66247,Jawas,"Nebit 8, Jawa Engineer 8, Jawa Scavenger 8, Jawa 8, Dathcha 8",1
"Teg",1,0,14883,NestSolo (Counter),"Nest 9",1
"Teg",1,0,13777,SionSolo (Counter),"Sion 8",1
"Teg",1,1,94031,NS_Alt,"zzMT zzAV zDaka Talia Zombie",0
"Teg",,,390309,Executrix,"Executrix Tie Adv, Emperor's Shuttle, TIE Reaper 6*, Imperial TIE Fighter, Gauntlet Starfighter, First Order SF TIE Fighter, First Order TIE Fighter",0
"Teg",,,69971,Mon Mothma,"Mon Mothma 5* 8, Lando Biggs 8, Hoth Rebel Scout 8, Wedge",0
"Teg",1,0,65454,Troopers,"Veers 9, Starck 8, DT 8, Range Trooper 6* 7, Shoretrooper 8",0
"Teg",0,1,82646,BH,"Jango 9, Zam 9, The Mandalorian, Cad Greef Karga 8",0
"Sutti",,,138309,JMLS,"zzzzzJMLS zzJKL zHYoda Old Ben, Ezra",1
"Sutti",0,1,146171,DRMalak,"zzzDR zzHK-47 zBSF zzMalak Sith Empire Trooper",1
"Sutti",0,1,130277,padme,"zzPadme zGK zJKA zAhsoka zC-3PO",1
"Sutti",1,0,144772,CLS,"zzzCLS zHan zzChewbacca zzR2-D2 Chewpio",1
"Sutti",,,470913,Negotiator,"Negotiator 6* HT Anakin's Eta-2 Starfighter, Umbaran Starfighter, Ahsoka Tano's Jedi Starfighter, Clone Sergeant's ARC-170, Plo Koon's Jedi Starfighter, Rex's ARC-170",1
"Sutti",,,419677,HansMF,"Home One, Han's MF, Rebel Y-wing 6*, Ghost Phantom Biggs X-wing, Cassian's U-wing, Wedge X-wing",1
"Sutti",0,1,99413,Geonosians,"zzGBA Sun Fac, Geo Soldier, Geo Spy, Poggle",1
"Sutti",1,1,98565,NS_Alt,"zzMT Acolyte Daka zzAV Zombie",1
"Sutti",0,1,127770,Grievous,"zzGG zB2 zB1 zDroideka zMagnaGuard",1
"Sutti",1,0,116078,Traya,"zzTraya zDN Sion zzEP zzThrawn",1
"Sutti",,,110138,Disintegration,"zAurra zGreef Karga, zBoba zzBossk The Mandalorian",1
"Sutti",,,94940,Nute-Wat,"zNute zDooku zWat Tambor 4*, zJango Nest",1
"Sutti",1,1,142074,GAS,"zzzzGAS zRex zEcho zzFives zARC Trooper",1
"Sutti",,,94926,Mon Mothma,"zzMon Mothma, Lando Chirrut 8, Baze 8, Hoth Rebel Scout 9",1
"Sutti",1,1,78729,Ewoks,"zChirpa 9, Elder Paploo 9, Wicket Logray 9",1
"Sutti",1,1,87678,Carth,"zCarth Onasi, zMission Zaalbar Juhani 8, Canderous",1
"Sutti",0,1,99152,FO,"zzKRU zKylo zHux FOO FOE 9",1
"Sutti",1,0,93704,Troopers,"zVeers Starck zzAdmiral Piett, DT Shoretrooper",1
"Sutti",0,1,70952,Phoenix,"Hera 8, Kanan 8, Chopper Sabine 8, Zeb 8",1
"Sutti",,,360720,Executrix,"Executrix Tie Adv, Emperor's Shuttle 6*, TIE Reaper 6*, Imperial TIE Fighter, Gauntlet Starfighter 6*, First Order SF TIE Fighter 4*, First Order TIE Fighter",0
"Sutti",1,0,60077,Jawas,"Nebit 7, Jawa Engineer 5* 7, Jawa Scavenger 7, Jawa 8, Dathcha 6",0
"TorenCalduris",1,1,105019,NS,"zzMT zzAV zDaka Zombie Spirit",1
"TorenCalduris",0,1,122886,padme,"zzPadme zGK zJKA zAhsoka zzC-3PO",1
"TorenCalduris",0,1,112621,DR,"zzzDR zzHK-47 zBSF Sith Empire Trooper, Sith Assassin 8",1
"TorenCalduris",1,0,124556,CLS,"zzzCLS zHan zzChewbacca zzR2-D2 zzOld Ben",1
"TorenCalduris",,,408332,HansMF,"Home One, Han's MF, Rebel Y-wing, Bistan's U-wing, Phantom Biggs X-wing, Cassian's U-wing, Wedge X-wing",1
"TorenCalduris",0,1,106475,Geonosians,"zzGBA Sun Fac, Geo Soldier, Geo Spy, Poggle",1
"TorenCalduris",0,1,136390,Grievous,"zzGG zB2 zB1 zDroideka MagnaGuard",1
"TorenCalduris",1,0,108724,Traya,"zzTraya zDN zSion zDooku zThrawn",1
"TorenCalduris",1,1,156422,GAS,"zzzzGAS zRex zEcho zzFives zARC Trooper",1
"TorenCalduris",1,1,122249,Revan Offense,"zzzJKR zGMY zBS zJolee zzHYoda",1
"TorenCalduris",1,1,83898,Ewoks,"zChirpa Elder Paploo Wicket Logray 8",1
"TorenCalduris",0,1,109942,BH,"zzBossk zzThe Mandalorian, Dengar Greedo Boba",1
"TorenCalduris",1,1,92177,Carth,"zCarth Onasi, zMission zZaalbar Juhani Canderous",1
"TorenCalduris",1,1,111560,zEP,"zzEP zzzVader Tarkin DT TFP",1
"TorenCalduris",0,1,89406,FO,"zzKRU zKylo FOST 9, FOO FOE",1
"TorenCalduris",1,0,92918,Troopers,"zVeers zStarck Snowtrooper Range Trooper 9, Shoretrooper",1
"TorenCalduris",0,1,75986,Phoenix,"Hera 9, Kanan 8, zEzra Sabine 8, Zeb 8",1
"TorenCalduris",1,1,91577,Rogue1,"zzJyn Chirrut Baze zK-2SO 9, zCassian",1
"TorenCalduris",1,0,71631,Jawas,"Nebit 8, Jawa Engineer 9, Jawa Scavenger 9, Jawa 9, Dathcha 9",1
"TorenCalduris",1,0,16731,NestSolo (Counter),"Nest",1
"TorenCalduris",,,387080,Executrix,"Executrix Tie Adv, Emperor's Shuttle, TIE Reaper, Imperial TIE Fighter, Gauntlet Starfighter, First Order SF TIE Fighter 3*, First Order TIE Fighter",0
"TorenCalduris",,,83621,Mon Mothma,"zzMon Mothma 5* 8, Bistan 8, zPao Lando Hoth Rebel Scout 8",0
"TorenCalduris",0,1,96137,BH,"zJango Zam 9, Cad IG-88 zzGreef Karga",0
"Wolfie",0,1,112820,padme,"zzPadme zGK zJKA zAhsoka zzC-3PO",1
"Wolfie",1,0,110762,CLS,"zzzCLS zHan zzChewbacca zzR2-D2 Old Ben 9",1
"Wolfie",0,1,104575,DR,"zzzDR zzHK-47 zBSF Sith Empire Trooper 8, Thrawn 8",1
"Wolfie",,,379485,Negotiator,"Negotiator HT Anakin's Eta-2 Starfighter, Umbaran Starfighter, Ahsoka Tano's Jedi Starfighter, Clone Sergeant's ARC-170, Jedi Consular's Starfighter, Plo Koon's Jedi Starfighter",1
"Wolfie",0,1,89809,Geonosians,"zzGBA Sun Fac 8, Geo Soldier, Geo Spy, Poggle",1
"Wolfie",1,1,128332,Revan Offense,"zzzJKR zzGMY zBS zJolee zEzra 8",1
"Wolfie",1,1,104217,Ewoks,"zChirpa Elder zPaploo Teebo zWicket",1
"Wolfie",1,1,107798,Carth,"zCarth Onasi, zMission zZaalbar zJuhani zCanderous",1
"Wolfie",0,1,110699,BH,"zzBossk Cad zIG-88 zzJango zBoba",1
"Wolfie",1,0,71544,Wiggs,"Wedge 8, Biggs 8, Leia Chirrut 8, Baze 8",1
"Wolfie",1,0,13249,SionSolo (Counter),"Sion 8",1
"Wolfie",0,1,72351,Grievous,"GG B2 8, Nute 9, Dooku 8, T3-M4 7",0
"Wolfie",1,1,78438,NS_Alt,"MT 8, AV Daka Talia 8, Zombie",0
"Wolfie",,,57929,Mon Mothma,"Mon Mothma 3* 7, Bistan 8, K-2SO 7, Hoth Rebel Scout 8, Bodhi Rook 7",0
"Wolfie",1,0,89132,ShaakClones,"zzShaak Ti, zRex Echo 9, zFives ARC Trooper 8",0
"Wolfie",1,1,100867,zEP,"zEP zzzVader zzTarkin TFP 8, Traya 8",0
"Wolfie",0,1,78070,Phoenix,"zHera 8, zKanan 8, Chopper Sabine 6* 8, zZeb",0
"Wolfie",0,1,63762,FO,"KRU 8, Kylo 9, FOTP 8, FOST 8, FOO 8",0
"Wolfie",1,0,6694,NestSolo (Counter),"Nest 3* 7",0
"Newhawk",0,1,135326,padme,"zzPadme zGK zJKA zAhsoka zzC-3PO",1
"Newhawk",1,0,130080,CLS,"zzzCLS zHan zzChewbacca zzR2-D2 Old Ben",1
"Newhawk",,,485047,Negotiator,"Negotiator HT Anakin's Eta-2 Starfighter, Umbaran Starfighter, Ahsoka Tano's Jedi Starfighter, Clone Sergeant's ARC-170, Plo Koon's Jedi Starfighter, Rex's ARC-170",1
"Newhawk",,,360128,HansMF,"Home One, Han's MF, Biggs X-wing, Bistan's U-wing, Phantom Ghost Cassian's U-wing, Wedge X-wing",1
"Newhawk",0,1,96046,Geonosians,"zzGBA Sun Fac, Geo Soldier, Geo Spy, Poggle",1
"Newhawk",0,1,109997,Grievous,"zzGG zB2 zB1 zDroideka zMagnaGuard",1
"Newhawk",1,1,147957,GAS,"zzzzGAS zRex zEcho zzFives zARC Trooper",1
"Newhawk",1,1,103523,Revan Offense,"zzzJKR zGMY zBS zJolee zEzra 8",1
"Newhawk",1,1,88369,Ewoks,"zChirpa 9, Elder zPaploo zWicket zLogray",1
"Newhawk",0,1,103186,BH,"zzBossk Dengar IG-88 zzJango zBoba",1
"Newhawk",1,1,91689,Carth,"zCarth Onasi, zMission zZaalbar zJuhani 8, zCanderous",1
"Newhawk",1,1,99055,zEP,"zzEP zzzVader Tarkin 8, TFP 8, zBSF",1
"Newhawk",0,1,98388,FO,"zzKRU zKylo 9, FOST FOO FOE",1
"Newhawk",1,0,14437,SionSolo (Counter),"Sion 8",1
"Newhawk",1,1,96318,NS,"zzMT zzAV zDaka Zombie Spirit 5",0
"Newhawk",1,0,61661,Troopers,"Veers 9, Starck 6, Magma 7, Snowtrooper 6, Stormtrooper 9",0
"Newhawk",0,1,67927,Phoenix,"Hera 8, Kanan 8, Chopper 9, Sabine 5* 7, zZeb 8",0
"This Is The Way",0,1,145041,padme,"zzPadme zGK zJKA zAhsoka zzC-3PO",1
"This Is The Way",1,0,116257,CLS,"zzzCLS zHan zzChewbacca zzR2-D2 zzOld Ben",1
"This Is The Way",,,361394,HansMF,"Home One, Han's MF, Rebel Y-wing, Ghost Phantom Biggs X-wing, Cassian's U-wing, Wedge X-wing",1
"This Is The Way",,,464602,Negotiator,"Negotiator 6* HT Anakin's Eta-2 Starfighter, Umbaran Starfighter, Ahsoka Tano's Jedi Starfighter, Clone Sergeant's ARC-170, Jedi Consular's Starfighter, Plo Koon's Jedi Starfighter",1
"This Is The Way",0,1,93503,Geonosians,"zzGBA Sun Fac, Geo Soldier, Geo Spy, Poggle",1
"This Is The Way",0,1,139667,Grievous,"zzGG zB2 zB1 zDroideka zMagnaGuard",1
"This Is The Way",1,0,127875,Traya,"zzTraya zDN zSion zzEP zzThrawn",1
"This Is The Way",,,151857,Disintegration,"zzAurra zzGreef Karga, zBoba zzBossk zzThe Mandalorian",1
"This Is The Way",,,118158,Nute-Wat,"zNute zDooku zWat Tambor 4*, zzJango zNest",1
"This Is The Way",1,1,111667,GAS,"zzzzGAS zRex zEcho zzFives zARC Trooper",1
"This Is The Way",1,1,89515,Ewoks,"zChirpa Elder zPaploo zWicket zLogray",1
"This Is The Way",0,1,95845,FO,"zzKRU zKylo zFOST FOO FOE",1
"This Is The Way",1,0,111654,Troopers,"zVeers zStarck zzAdmiral Piett, Snowtrooper Range Trooper",1
"This Is The Way",0,1,75031,Phoenix,"Hera Kanan 8, Ezra Chopper Zeb 9",1
"This Is The Way",1,0,63851,Jawas,"Nebit 8, Jawa Engineer 9, Jawa Scavenger 8, Jawa 9, Dathcha 8",1
"This Is The Way",0,1,50086,Qira,"Qira L3-37 4* 8, Vandor Chewbacca 3* 8, Mission 6* 8, Zaalbar 7",0
"This Is The Way",1,1,73865,NS,"MT 8, zAV Daka Zombie 8, Spirit 8",0
"This Is The Way",,,65218,Mon Mothma,"Mon Mothma 3* 7, Pao 8, Chirrut 8, Hoth Rebel Scout 8, zCara Dune",0
"Syn",0,1,100602,padme,"zzPadme GK zJKA zAhsoka zzC-3PO 8",1
"Syn",1,1,98049,NS_Alt,"zzMT zAV Daka Talia Zombie",1
"Syn",,,328601,Negotiator,"Negotiator HT Anakin's Eta-2 Starfighter, Umbaran Starfighter, Ahsoka Tano's Jedi Starfighter, Clone Sergeant's ARC-170, Plo Koon's Jedi Starfighter, Rex's ARC-170",1
"Syn",0,1,74160,Grievous,"zzGG B2 8, B1 Droideka 9, MagnaGuard 8",1
"Syn",1,1,107485,JTR,"zzzJTR zScav Rey, zBB-8 zzR2-D2 Finn",1
"Syn",,,96260,Nute-OR,"zNute Dooku Jango zZaalbar zMission",1
"Syn",1,1,113882,Revan Offense,"zzzJKR zGMY zBS zJolee HYoda",1
"Syn",1,1,92679,Ewoks,"zChirpa Elder zPaploo zWicket zLogray",1
"Syn",0,1,94587,BH,"zBossk Dengar IG-88 Greedo Boba",1
"Syn",1,1,104690,zEP,"zzEP zVader Tarkin TFP zBSF",1
"Syn",0,1,87001,FO,"zzKRU zKylo FOTP FOST 8, FOE",1
"Syn",0,1,72952,Phoenix,"Hera 8, Kanan 8, zEzra Sabine 8, Zeb 8",1
"Syn",1,0,92416,Wiggs,"Wedge Biggs zzCLS zHan Leia",1
"Syn",1,0,82415,Wampa (Counter),"Rex zzWampa DT 9, Visas 8, Jyn 8",1
"Syn",1,0,18076,SionSolo (Counter),"Sion",1
"Syn",1,0,15468,NestSolo (Counter),"Nest",1
"Syn",,,332701,HansMF,"Home One, Han's MF, Biggs X-wing, Bistan's U-wing 6*, Phantom Ghost Cassian's U-wing, Wedge X-wing",0
"Syn",0,1,87279,Geonosians,"zGBA Sun Fac, Geo Soldier, Geo Spy, Poggle",0
"Syn",1,0,57055,Troopers,"Veers Starck 8, Snowtrooper 8, Stormtrooper 5, Shoretrooper 8",0
"Syn",1,0,98048,zMaul,"Maul DN zzzDR Sidious Savage",0
"Eanid September",0,1,119403,padme,"zzPadme zGK zJKA zAhsoka zzC-3PO",1
"Eanid September",0,1,113105,DRMalak,"zzzDR zzHK-47 zBSF zzMalak 6* Sith Empire Trooper",1
"Eanid September",,,396366,Negotiator,"Negotiator HT Anakin's Eta-2 Starfighter, Umbaran Starfighter, Ahsoka Tano's Jedi Starfighter, BTL-B Y-wing Starfighter, Clone Sergeant's ARC-170, Plo Koon's Jedi Starfighter",1
"Eanid September",1,0,108666,CLS,"zzzCLS zHan zzChewbacca zR2-D2 Old Ben",1
"Eanid September",,,378766,HansMF,"Home One, Han's MF, Rebel Y-wing, Bistan's U-wing, Phantom Ghost Cassian's U-wing, Biggs X-wing",1
"Eanid September",0,1,93991,Geonosians,"zzGBA Sun Fac, Geo Soldier, Geo Spy, Poggle",1
"Eanid September",0,1,99598,Grievous,"zGG zB2 zB1 zDroideka zMagnaGuard",1
"Eanid September",1,0,107846,Traya,"zzTraya zDN zSion zzEP zThrawn",1
"Eanid September",,,329905,Executrix,"Executrix Tie Adv, Emperor's Shuttle, TIE Reaper, Imperial TIE Fighter, Gauntlet Starfighter, First Order SF TIE Fighter, First Order TIE Fighter",1
"Eanid September",,,94732,Disintegration,"zAurra Greef Karga 8, zBoba zBossk The Mandalorian 8",1
"Eanid September",1,1,121662,Revan Offense,"zzzJKR zGMY zBS zJolee Ezra",1
"Eanid September",1,1,90353,Ewoks,"zChirpa Elder Paploo zWicket Logray 9",1
"Eanid September",1,1,94102,Carth,"zCarth Onasi, zMission zZaalbar Juhani Canderous",1
"Eanid September",0,1,95225,FO,"zzKRU zKylo zHux FOO FOE",1
"Eanid September",0,1,75923,Phoenix,"Hera 9, Kanan Chopper 8, Sabine Zeb 9",1
"Eanid September",1,1,76211,Rogue1,"Jyn 9, Chirrut 9, Baze 8, K-2SO 9, Cassian",1
"Eanid September",1,0,15181,NestSolo (Counter),"Nest",1
"Eanid September",1,1,89963,NS,"zMT zAV Daka Zombie Spirit 9",0
"Eanid September",,,69764,Mon Mothma,"Mon Mothma 5* 8, Lando 8, Biggs Hoth Rebel Scout 8, Wedge",0
"Eanid September",1,0,81316,ShaakClones,"Shaak Ti, Rex Echo 9, Fives ARC Trooper 8",0
"Eanid September",1,0,67360,Troopers,"Veers 9, Starck 8, Snowtrooper 7, Stormtrooper 8, Shoretrooper 8",0
"Eanid September",0,1,94549,BH,"zJango Dengar Cad IG-88 Greedo",0
"Eanid September",1,0,84746,zMaul,"Maul zDooku Sidious Savage Sith Marauder",0
"Eanid September",1,0,68399,Jawas,"Nebit 8, Jawa Engineer 9, Jawa Scavenger 8, Jawa 7, Dathcha 9",0
"Val",1,1,147560,SL Kylo,"zzzzzzSL Kylo, zSith Trooper, zHux zzKRU zThrawn",1
"Val",0,1,141425,DRMalak,"zzzDR zzHK-47 zBSF zzMalak Sith Empire Trooper",1
"Val",,,319033,Malevolence,"Malevolence Sun Fac SF, Soldier SF, Spy SF, Hyena Bomber, Vulture Droid, IG-2000",1
"Val",1,1,109320,NS_Alt,"zzMT zzAV zDaka Talia Zombie",1
"Val",0,1,105438,Grievous,"zzGG zB2 zB1 zDroideka MagnaGuard",1
"Val",1,1,104918,JTR,"zzJTR Scav Rey, zzBB-8 zzR2-D2 RT",1
"Val",1,1,128199,Revan,"zzzJKR zBS zGMY zJolee zGK",1
"Val",1,1,85537,Carth,"zCarth Onasi, zMission zZaalbar Juhani 9, zCanderous",1
"Val",0,1,94743,BH,"zBossk Cad IG-88 zJango zBoba",1
"Val",1,1,106842,zEP,"zEP Vader Tarkin TFP zSion",1
"Val",0,1,73826,Phoenix,"Hera Kanan 9, Ezra Chopper Zeb 9",1
"Val",0,1,90544,Geonosians,"zGBA Sun Fac, Geo Soldier, Geo Spy, Poggle",0
"Val",1,0,104975,Wiggs,"Wedge 6* Biggs zzCLS zHan zzChewbacca",0
"FiftyHaydsOfGrey",1,1,95011,NS,"zzMT zzAV zDaka Zombie Spirit",1
"FiftyHaydsOfGrey",0,1,126883,DRMalak,"zzzDR zzHK-47 zBSF zzMalak Sith Empire Trooper",1
"FiftyHaydsOfGrey",0,1,119887,padme,"zzPadme zGK zJKA zAhsoka zzC-3PO",1
"FiftyHaydsOfGrey",1,0,123352,CLS,"zzzCLS zHan zzChewbacca zzR2-D2 Old Ben 9",1
"FiftyHaydsOfGrey",,,318754,HansMF,"Home One, Han's MF, Biggs X-wing, Bistan's U-wing, Phantom Ghost Cassian's U-wing, Wedge X-wing",1
"FiftyHaydsOfGrey",0,1,84629,Geonosians,"zzGBA Sun Fac 8, Geo Soldier, Geo Spy, Poggle",1
"FiftyHaydsOfGrey",,,90293,Nute-OR,"zNute Dooku Jango zZaalbar zMission",1
"FiftyHaydsOfGrey",1,1,117752,Revan Offense,"zzzJKR zGMY zBS zJolee Ezra",1
"FiftyHaydsOfGrey",1,1,82842,Ewoks,"zChirpa Elder zPaploo Wicket Logray",1
"FiftyHaydsOfGrey",1,0,100024,ShaakClones,"zzShaak Ti, zRex zEcho zzFives zARC Trooper 9",1
"FiftyHaydsOfGrey",0,1,97523,BH,"zBossk Dengar Cad Greedo zBoba",1
"FiftyHaydsOfGrey",1,1,96936,zEP,"zzEP zzVader Tarkin DT 9, TFP",1
"FiftyHaydsOfGrey",0,1,83482,FO,"zKRU zKylo 9, FOO FOE Phasma 8",1
"FiftyHaydsOfGrey",1,0,20958,NestSolo (Counter),"zNest",1
"FiftyHaydsOfGrey",0,1,110312,Grievous,"zGG zB2 zB1 zDroideka zMagnaGuard",0
"FiftyHaydsOfGrey",0,1,64941,Phoenix,"Hera Kanan 9, Chopper 9, Sabine 5* 7, Zeb",0
"FiftyHaydsOfGrey",1,0,8494,SionSolo (Counter),"Sion 2* 6",0
"Michl Johso",0,1,156312,DRMalak,"zzzDR zzHK-47 zBSF zzMalak Sith Empire Trooper",1
"Michl Johso",0,1,141014,padme,"zzPadme zGK zJKA zAhsoka zzC-3PO",1
"Michl Johso",1,0,114306,CLS,"zzzCLS zHan zzChewbacca zzR2-D2 Old Ben",1
"Michl Johso",,,450083,Negotiator,"Negotiator HT Anakin's Eta-2 Starfighter, Umbaran Starfighter, Ahsoka Tano's Jedi Starfighter, Clone Sergeant's ARC-170, Jedi Consular's Starfighter, Plo Koon's Jedi Starfighter",1
"Michl Johso",0,1,94298,Geonosians,"zzGBA Sun Fac, Geo Soldier, Geo Spy, Poggle",1
"Michl Johso",1,0,137901,Traya,"zzTraya zzDN zSion zzEP zzThrawn",1
"Michl Johso",0,1,121149,Grievous,"zzGG zB2 zB1 zDroideka zMagnaGuard",1
"Michl Johso",,,104433,Nute-OR,"zNute zDooku zzJango zZaalbar zMission",1
"Michl Johso",1,1,115148,Revan Offense,"zzzJKR zGMY zBS zJolee zEzra",1
"Michl Johso",1,1,91552,Ewoks,"zChirpa Elder zPaploo zWicket Logray",1
"Michl Johso",0,1,107559,BH,"zzBossk zAurra zDengar 9, zGreedo zBoba",1
"Michl Johso",1,0,97897,ShaakClones,"zzShaak Ti, Rex zEcho zFives Clone Sergeant",1
"Michl Johso",1,0,75824,Jawas,"Nebit 8, Jawa Engineer 9, Jawa Scavenger, Jawa 9, Dathcha",1
"Michl Johso",1,1,95585,NS,"zzMT 8, zzAV zDaka Zombie Spirit 9",0
"Michl Johso",,,377189,HansMF,"Home One, Han's MF 6*, Rebel Y-wing 5*, Bistan's U-wing 6*, Phantom Ghost Cassian's U-wing, Biggs X-wing",0
"Michl Johso",,,66181,Mon Mothma,"Mon Mothma 3* 7, Bistan 8, Pao 8, Biggs Hoth Rebel Scout 8",0
"Michl Johso",1,0,64134,Troopers,"Veers Starck 9, Snowtrooper 7, Stormtrooper 8, Range Trooper 3* 6",0
"Michl Johso",0,1,71231,Phoenix,"Hera Kanan 9, Chopper Sabine 5* 8, Zeb 8",0
"Michl Johso",1,1,67715,Rogue1,"zJyn 8, Chirrut 4* 7, Baze 4* 7, K-2SO 9, zCassian 9",0
"Michl Johso",0,1,77844,FO,"KRU 8, zKylo FOST 9, FOO 8, Phasma",0
"Michl Johso",1,0,10281,NestSolo (Counter),"Nest 5* 8",0
"MetalPrawn",0,1,124311,padme,"zzPadme zGK zJKA zAhsoka zzC-3PO",1
"MetalPrawn",,,428482,Negotiator,"Negotiator 6* HT Anakin's Eta-2 Starfighter, Umbaran Starfighter, Ahsoka Tano's Jedi Starfighter, Clone Sergeant's ARC-170, Jedi Consular's Starfighter, Plo Koon's Jedi Starfighter",1
"MetalPrawn",,,258957,HansMF,"Home One, Han's MF 5*, Biggs X-wing, Bistan's U-wing, Phantom Ghost Cassian's U-wing, Wedge X-wing",1
"MetalPrawn",0,1,109503,Grievous,"zzGG zB2 zB1 zDroideka MagnaGuard",1
"MetalPrawn",1,1,147575,GAS,"zzzzGAS zRex zEcho zzFives zARC Trooper",1
"MetalPrawn",1,1,82310,Ewoks,"zChirpa Elder Paploo Wicket Logray 9",1
"MetalPrawn",0,1,98152,BH,"zBossk Dengar 8, IG-88 zJango zBoba",1
"MetalPrawn",1,1,89625,zEP,"zzEP zzVader Tarkin 9, TFP 8, Traya 8",1
"MetalPrawn",1,0,70651,Wiggs,"Wedge 8, Biggs 8, CLS 8, zHan Chewbacca 9",1
"MetalPrawn",0,1,65889,Phoenix,"Hera 8, Kanan 8, Ezra 8, Chopper 8, Zeb 8",1
"MetalPrawn",0,1,89753,Geonosians,"zGBA Sun Fac, Geo Soldier, Geo Spy, Poggle",0
"MetalPrawn",1,1,70972,NS,"MT 8, zAV Daka 9, Zombie 5* 8, Spirit 8",0
"MetalPrawn",1,1,79553,Revan Offense,"JKR GMY BS Jolee 8, HYoda 8",0
"MetalPrawn",1,1,46391,Rogue1,"Jyn 5* 8, Chirrut 8, Baze 5* 8, K-2SO 8, Cassian 8",0
"MetalPrawn",0,1,65908,FO,"KRU 8, Kylo 8, FOTP 9, FOO 8, Phasma 8",0
"MetalPrawn",1,0,8935,NestSolo (Counter),"Nest 5* 7",0
"Tzoid",0,1,135573,DRMalak,"zzzDR zzHK-47 zBSF zzMalak Sith Empire Trooper",1
"Tzoid",0,1,129453,padme,"zzPadme zGK zJKA zAhsoka zzC-3PO",1
"Tzoid",1,0,113424,CLS,"zzzCLS zHan zzChewbacca zzR2-D2 zOld Ben",1
"Tzoid",,,448338,Negotiator,"Negotiator HT Anakin's Eta-2 Starfighter, Umbaran Starfighter, Ahsoka Tano's Jedi Starfighter, Clone Sergeant's ARC-170, Plo Koon's Jedi Starfighter, Rex's ARC-170",1
"Tzoid",,,393088,HansMF,"Home One, Han's MF, Biggs X-wing, Bistan's U-wing, Phantom Ghost Cassian's U-wing, Wedge X-wing",1
"Tzoid",0,1,99002,Geonosians,"zzGBA Sun Fac, Geo Soldier, Geo Spy, Poggle",1
"Tzoid",0,1,121196,Grievous,"zzGG zB2 zB1 zDroideka zMagnaGuard",1
"Tzoid",1,1,135621,Revan Offense,"zzzJKR zzGMY zBS zJolee zEzra",1
"Tzoid",1,1,96277,Ewoks,"zChirpa Elder zPaploo zWicket zLogray",1
"Tzoid",1,0,98045,ShaakClones,"zzShaak Ti, Rex Echo Fives ARC Trooper",1
"Tzoid",0,1,103688,BH,"zzBossk Dengar Cad Greedo zBoba",1
"Tzoid",1,1,93378,Carth,"zCarth Onasi, zMission zZaalbar zJuhani zCanderous",1
"Tzoid",1,1,119348,zEP,"zzEP zzzVader zzTarkin TFP zzDN",1
"Tzoid",0,1,85162,FO,"zzKRU Kylo FOO FOE FOSFTP 9",1
"Tzoid",1,0,21396,SionSolo (Counter),"zSion",1
"Tzoid",1,1,82544,NestSisters,"zzAV MT Daka Zombie Nest 5* 6",0
"Tzoid",1,0,54451,Troopers,"Veers 8, Starck 8, Snowtrooper 8, Stormtrooper 8, DT 5* 8",0
"Tzoid",0,1,90178,Phoenix,"zHera zKanan Chopper Sabine 6* zZeb",0
"Tzoid",1,1,61004,Rogue1,"Jyn 8, Chirrut 8, Baze 5* 8, K-2SO 8, Cassian",0
"Senat0r Lipost",1,1,100892,NS,"zzMT zzAV zDaka Zombie Spirit",1
"Senat0r Lipost",0,1,116518,padme,"zzPadme zGK zJKA zAhsoka zzC-3PO",1
"Senat0r Lipost",0,1,114216,DRMalak,"zzzDR zzHK-47 zBSF zzMalak Sith Empire Trooper",1
"Senat0r Lipost",1,0,119296,CLS,"zzzCLS zHan zzChewbacca zzR2-D2 zzOld Ben",1
"Senat0r Lipost",,,365664,HansMF,"Home One, Han's MF, Rebel Y-wing 6*, Bistan's U-wing, Phantom Ghost Cassian's U-wing, Wedge X-wing",1
"Senat0r Lipost",0,1,94032,Geonosians,"zzGBA Sun Fac, Geo Soldier, Geo Spy, Poggle",1
"Senat0r Lipost",0,1,101130,Grievous,"zzGG zB2 9, zB1 zDroideka 9, MagnaGuard 9",1
"Senat0r Lipost",1,0,107090,Traya,"zzTraya DN Sion zzEP zzThrawn",1
"Senat0r Lipost",1,1,116195,Revan Offense,"zzzJKR zzGMY zBS zJolee Ezra",1
"Senat0r Lipost",1,1,97043,Ewoks,"zChirpa Elder zPaploo zWicket zLogray",1
"Senat0r Lipost",0,1,109025,BH,"zzBossk Dengar 9, IG-88 zzJango zBoba",1
"Senat0r Lipost",0,1,78859,Phoenix,"Hera Kanan Chopper Sabine Zeb 8",1
"Senat0r Lipost",1,0,76363,Jawas,"Nebit 8, Jawa Engineer 9, Jawa Scavenger 9, Jawa Dathcha",1
"Senat0r Lipost",1,0,18739,NestSolo (Counter),"zNest",1
"Senat0r Lipost",0,1,73289,Qira,"Qira L3-37 6* 8, Vandor Chewbacca 4* 7, zMission zZaalbar",0
"Senat0r Lipost",,,344494,Malevolence,"Malevolence Sun Fac SF, Soldier SF, Spy SF, Hyena Bomber 5*, Vulture Droid 5*, IG-2000",0
"Senat0r Lipost",,,372798,Executrix,"Executrix Tie Adv, Emperor's Shuttle, TIE Reaper, Imperial TIE Fighter, Gauntlet Starfighter 6*, First Order SF TIE Fighter 5*, First Order TIE Fighter",0
"Senat0r Lipost",,,66064,Mon Mothma,"Mon Mothma 3* 8, Pao 8, Lando Chirrut 8, Cassian 8",0
"Senat0r Lipost",1,0,87190,ShaakClones,"zzShaak Ti, Rex Echo Fives 9, ARC Trooper 8",0
"Senat0r Lipost",1,0,71844,Troopers,"Veers Starck 9, Stormtrooper 8, Range Trooper 9, Shoretrooper 8",0
"Senat0r Lipost",0,1,83086,FO,"KRU Kylo FOST 8, FOO FOE",0
"bellojack",0,1,113837,padme,"zzPadme zGK zJKA zAhsoka zzC-3PO",1
"bellojack",0,1,113402,DRMalak,"zzzDR zzHK-47 zBSF zzMalak Sith Empire Trooper",1
"bellojack",1,0,116141,CLS,"zzzCLS zHan zzChewbacca zzR2-D2 zzOld Ben",1
"bellojack",,,428305,HansMF,"Home One, Han's MF, HT Bistan's U-wing, Phantom Ghost Cassian's U-wing, Wedge X-wing",1
"bellojack",0,1,106663,Grievous,"zzGG zB2 zB1 zDroideka zMagnaGuard",1
"bellojack",1,1,116040,Revan Offense,"zzzJKR zzGMY zBS zJolee zEzra",1
"bellojack",1,1,92860,Ewoks,"zChirpa Elder zPaploo zWicket zLogray",1
"bellojack",1,1,90076,Carth,"Carth Onasi, zMission zZaalbar zJuhani Canderous",1
"bellojack",0,1,110593,BH,"zzBossk zZam zIG-88 zGreedo zBoba",1
"bellojack",1,1,131627,zEP,"zzEP zzzVader zzTarkin TFP zzDN",1
"bellojack",0,1,96466,Phoenix,"zHera zKanan Chopper zSabine zZeb",1
"bellojack",1,0,82828,Troopers,"zVeers zStarck Magma 8, Snowtrooper 8, Stormtrooper 9",1
"bellojack",1,1,71924,Rogue1,"Jyn 8, Chirrut 8, Baze 8, K-2SO 9, Cassian 9",1
"bellojack",1,0,111020,zMaul,"zMaul zDooku zSidious zSavage Sith Marauder",1
"bellojack",1,0,21097,SionSolo (Counter),"zSion",1
"bellojack",0,1,75279,Geonosians,"GBA 6* 3, Sun Fac 8, Geo Soldier, Geo Spy, Poggle",0
"bellojack",1,1,67442,NS,"zMT 5, zAV Daka 8, Zombie 5, Spirit 2",0
"bellojack",1,0,98076,ShaakClones,"zzShaak Ti, zRex zEcho zzFives Clone Sergeant 8",0
"bellojack",0,1,64844,BH,"Jango 6, zThe Mandalorian 4* 5, Cad zzGreef Karga 5* 3, Nest 4",0
"bellojack",0,1,82091,FO,"zzKRU 8, zKylo FOST FOO Phasma",0
"Grand M'uff Talkin",0,1,121955,DRMalak,"zzzDR zzHK-47 zBSF zzMalak 6* Sith Empire Trooper",1
"Grand M'uff Talkin",0,1,112112,padme,"zzPadme zGK zJKA zAhsoka zzC-3PO",1
"Grand M'uff Talkin",1,0,120453,CLS,"zzzCLS zHan zzChewbacca zzR2-D2 Old Ben",1
"Grand M'uff Talkin",1,1,101365,NS_Alt,"zzMT zAV zDaka Talia Zombie",1
"Grand M'uff Talkin",,,382180,HansMF,"Home One, Han's MF 6*, Rebel Y-wing, Bistan's U-wing, Phantom Ghost Cassian's U-wing, Wedge X-wing",1
"Grand M'uff Talkin",0,1,96197,Geonosians,"zzGBA Sun Fac, Geo Soldier, Geo Spy, Poggle",1
"Grand M'uff Talkin",1,0,116093,Traya,"zzTraya zDN zSion zzEP zzThrawn",1
"Grand M'uff Talkin",0,1,84688,Grievous,"zzGG B2 zB1 Droideka MagnaGuard 9",1
"Grand M'uff Talkin",1,1,127315,Revan Offense,"zzzJKR zzGMY zBS zJolee zzHYoda",1
"Grand M'uff Talkin",1,1,88258,Ewoks,"zChirpa Elder Paploo zWicket zLogray",1
"Grand M'uff Talkin",0,1,115536,BH,"zzBossk zZam zDengar zzGreef Karga, zBoba",1
"Grand M'uff Talkin",1,1,100869,Carth,"zCarth Onasi, zMission zZaalbar zJuhani zCanderous",1
"Grand M'uff Talkin",1,0,100830,Clones,"Cody zRex zEcho zzFives zARC Trooper",1
"Grand M'uff Talkin",1,0,76752,Wiggs,"Wedge Biggs Fulcrum 8, Ezra 8, Leia",1
"Grand M'uff Talkin",1,1,81575,Rogue1,"Jyn Chirrut Baze K-2SO Cassian",1
"Grand M'uff Talkin",1,0,67682,Jawas,"Nebit 8, Jawa Engineer 9, Jawa Scavenger 8, Jawa 9, Dathcha 8",1
"Grand M'uff Talkin",1,0,15192,NestSolo (Counter),"Nest",1
"Grand M'uff Talkin",,,302830,Malevolence,"Malevolence 6* Sun Fac SF, Soldier SF, Spy SF, Hyena Bomber 4*, Vulture Droid 6*, IG-2000 6*",0
"Grand M'uff Talkin",1,0,58012,Troopers,"Veers 9, Starck 7, Magma 7, Snowtrooper 9, Stormtrooper 8",0
"Grand M'uff Talkin",0,1,93834,BH,"Jango zThe Mandalorian, Cad IG-88 zGreedo",0
"Grand M'uff Talkin",0,1,70851,Phoenix,"Hera Kanan Chopper Sabine 6* 8, Zeb 8",0
"Grand M'uff Talkin",0,1,70252,FO,"KRU 9, Kylo FOTP FOST 8, FOE",0
"Michael Wulf",1,1,149558,SL Kylo,"zzzzzzSL Kylo, zSith Trooper, zHux zzKRU zThrawn",1
"Michael Wulf",0,1,121140,padme,"zzPadme zGK JKA zAhsoka zzC-3PO",1
"Michael Wulf",0,1,113183,DRMalak,"zzzDR zzHK-47 zBSF zzMalak Sith Empire Trooper",1
"Michael Wulf",1,0,95455,CLS,"zzCLS zHan zChewbacca 8, zzR2-D2 Old Ben 9",1
"Michael Wulf",1,1,92486,NS_Alt,"zMT zzAV Daka Talia Zombie",1
"Michael Wulf",,,413071,Negotiator,"Negotiator HT Anakin's Eta-2 Starfighter, Umbaran Starfighter, Ahsoka Tano's Jedi Starfighter, Clone Sergeant's ARC-170, Plo Koon's Jedi Starfighter, Rex's ARC-170",1
"Michael Wulf",,,328568,HansMF,"Home One, Han's MF 5*, Rebel Y-wing 6*, Ghost Phantom Biggs X-wing, Cassian's U-wing, Wedge X-wing",1
"Michael Wulf",0,1,94276,Geonosians,"zzGBA Sun Fac, Geo Soldier, Geo Spy, Poggle",1
"Michael Wulf",0,1,102698,Grievous,"zzGG 9, zB2 zB1 zDroideka zMagnaGuard 9",1
"Michael Wulf",1,0,120917,Traya,"zzTraya zDN zSion zDooku zzEP",1
"Michael Wulf",1,1,107873,Revan Offense,"zzzJKR zGMY zBS zJolee HYoda",1
"Michael Wulf",1,1,90163,Ewoks,"zChirpa Elder zPaploo zWicket zLogray 9",1
"Michael Wulf",0,1,95955,BH,"zBossk Dengar 9, Cad zJango zBoba",1
"Michael Wulf",1,0,68784,Wiggs,"Wedge 8, Biggs 8, Fulcrum 7, Ezra Leia",1
"Michael Wulf",1,0,71268,Troopers,"zVeers Starck Magma 8, Snowtrooper 7, Stormtrooper 8",1
"Michael Wulf",1,0,101919,ShaakClones,"zzShaak Ti, zRex zEcho zzFives 9, zARC Trooper 8",0
"Michael Wulf",1,1,86070,Carth,"zCarth Onasi, zMission zZaalbar zJuhani Canderous 7",0
"Michael Wulf",0,1,68070,Phoenix,"Hera 8, Kanan Chopper 9, Sabine 6* 7, Zeb 8",0
"Michael Wulf",1,1,63368,Rogue1,"Jyn 6* 7, Chirrut 8, Baze 6* 7, K-2SO 8, Cassian 9",0
"Michael Wulf",1,0,11821,NestSolo (Counter),"Nest 5* 9",0
"Drcct",1,1,120348,NS,"zzMT zzAV zDaka Zombie Spirit",1
"Drcct",0,1,135905,padme,"zzPadme zGK zJKA zAhsoka zzC-3PO",1
"Drcct",1,0,117364,CLS,"zzzCLS zHan zzChewbacca zzR2-D2 zOld Ben",1
"Drcct",,,467197,HansMF,"Home One, Han's MF, HT Bistan's U-wing, Phantom Ghost Cassian's U-wing, Biggs X-wing",1
"Drcct",0,1,101471,Geonosians,"zzGBA Sun Fac, Geo Soldier, Geo Spy, Poggle",1
"Drcct",0,1,103516,Grievous,"zzGG zB2 zB1 zDroideka zMagnaGuard",1
"Drcct",1,1,104803,Ewoks,"zChirpa Elder zPaploo zWicket zLogray",1
"Drcct",0,1,123749,BH,"zzBossk zDengar zIG-88 zzJango zBoba",1
"Drcct",1,0,111256,ShaakClones,"zzShaak Ti, zRex zEcho zzFives Clone Sergeant",1
"Drcct",1,1,121998,zEP,"zzEP zzzVader zzTarkin TFP 9, zzTraya",1
"Drcct",0,1,100824,Phoenix,"zHera zKanan zEzra zSabine zZeb",1
"Drcct",1,0,80344,Troopers,"zVeers zStarck Snowtrooper Stormtrooper 8, Shoretrooper 8",1
"Drcct",0,1,99293,FO,"zzKRU zKylo zFOST FOO zPhasma",1
"Drcct",1,0,69978,Jawas,"Nebit 9, Jawa Engineer 9, Jawa Scavenger 9, Jawa 9, Dathcha",1
"Drcct",1,0,6054,SionSolo (Counter),"Sion 5* 3",0
"DarkKnightDan80",1,1,100233,NS,"zzMT zzAV zDaka Zombie Spirit",1
"DarkKnightDan80",0,1,128453,padme,"zzPadme zGK zJKA zAhsoka zzC-3PO",1
"DarkKnightDan80",,,447792,Negotiator,"Negotiator HT Anakin's Eta-2 Starfighter, Umbaran Starfighter, Ahsoka Tano's Jedi Starfighter, BTL-B Y-wing Starfighter, Clone Sergeant's ARC-170, Plo Koon's Jedi Starfighter",1
"DarkKnightDan80",0,1,112676,DR,"zzzDR zzHK-47 zBSF Sith Empire Trooper, Sith Assassin",1
"DarkKnightDan80",1,0,116268,CLS,"zzzCLS zHan zzChewbacca zzR2-D2 zOld Ben",1
"DarkKnightDan80",,,429870,HansMF,"Home One, Han's MF, Rebel Y-wing 6*, Bistan's U-wing, Phantom Ghost Cassian's U-wing, Wedge X-wing",1
"DarkKnightDan80",0,1,93436,Geonosians,"zzGBA Sun Fac, Geo Soldier, Geo Spy, Poggle",1
"DarkKnightDan80",1,0,129307,Traya,"zzTraya zDN zSion zzEP zzThrawn",1
"DarkKnightDan80",0,1,103510,Grievous,"zzGG B2 zB1 zDroideka MagnaGuard",1
"DarkKnightDan80",1,1,142229,Revan Offense,"zzzJKR zGMY zBS zJolee zzHYoda",1
"DarkKnightDan80",1,1,96259,Ewoks,"zChirpa Elder zPaploo zWicket zLogray",1
"DarkKnightDan80",1,0,100045,ShaakClones,"zzShaak Ti, zRex Echo zFives ARC Trooper",1
"DarkKnightDan80",0,1,111822,BH,"zzBossk zDengar zGreedo zzJango zBoba",1
"DarkKnightDan80",1,1,88356,Carth,"zCarth Onasi, Mission Zaalbar Juhani Canderous",1
"DarkKnightDan80",0,1,139410,FO,"zzKRU zKylo zHux zFOST FOE",1
"DarkKnightDan80",1,0,92437,Wiggs,"Wedge Biggs zFulcrum zEzra Leia",1
"DarkKnightDan80",1,0,87103,Troopers,"zVeers zStarck Snowtrooper Stormtrooper DT",1
"DarkKnightDan80",0,1,97089,Phoenix,"zHera zKanan Chopper zSabine zZeb",1
"DarkKnightDan80",1,0,86635,Jawas,"Nebit Jawa Engineer, Jawa Scavenger, Jawa Dathcha",1
"DarkKnightDan80",1,0,19848,NestSolo (Counter),"zNest",1
"DarkKnightDan80",,,392565,Executrix,"Executrix Tie Adv, Emperor's Shuttle, TIE Reaper 3*, Imperial TIE Fighter, Gauntlet Starfighter, First Order SF TIE Fighter, First Order TIE Fighter",0
"DarkKnightDan80",1,1,84687,Rogue1,"Jyn Chirrut Baze 6* 9, K-2SO Cassian",0
"DarkKnightDan80",1,0,84872,zMaul,"Maul Dooku Sidious Savage Sith Marauder",0
"Kyrie Unobii",0,1,148010,padme,"zzPadme zGK zJKA zAhsoka zzC-3PO",1
"Kyrie Unobii",1,0,143318,CLS,"zzzCLS zHan zzChewbacca zzR2-D2 zzOld Ben",1
"Kyrie Unobii",0,1,97315,Geonosians,"zzGBA Sun Fac, Geo Soldier, Geo Spy, Poggle",1
"Kyrie Unobii",1,1,91460,Ewoks,"zChirpa Elder zPaploo Teebo zWicket",1
"Kyrie Unobii",0,1,123987,BH,"zzBossk zZam zGreedo zJango zBoba",1
"Kyrie Unobii",1,1,117864,zEP,"zzEP zzVader zTarkin TFP zzTraya",1
"Kyrie Unobii",0,1,101004,FO,"zzKRU zKylo zFOTP FOO FOE",1
"Kyrie Unobii",1,0,84787,Wiggs,"Wedge Biggs Fulcrum 8, zEzra zLeia",1
"Kyrie Unobii",1,0,94290,zMaul,"zMaul zDooku zSidious Savage Sith Empire Trooper",1
"Kyrie Unobii",1,0,21166,SionSolo (Counter),"zSion",1
"Kyrie Unobii",0,1,66641,Phoenix,"Hera 9, Kanan Chopper Sabine 4* 7, Zeb 8",0
"Beck",0,1,130000,padme,"zzPadme zGK zJKA zAhsoka zzC-3PO",1
"Beck",0,1,113405,DRMalak,"zzzDR zzHK-47 zBSF zzMalak 6* Sith Empire Trooper 8",1
"Beck",,,331616,HansMF,"Home One, Han's MF 5*, Rebel Y-wing, Bistan's U-wing, Phantom Ghost Cassian's U-wing, Biggs X-wing",1
"Beck",0,1,109188,Geonosians,"zzGBA Sun Fac, Geo Soldier, Geo Spy, Poggle",1
"Beck",1,1,112853,JTR,"zzzJTR zScav Rey, BB-8 8, zzR2-D2 zFinn",1
"Beck",1,1,129260,Revan Offense,"zzzJKR zzGMY zBS zJolee Ezra 8",1
"Beck",1,1,92358,Ewoks,"zChirpa Elder zPaploo Scout zWicket",1
"Beck",0,1,114021,BH,"zzBossk zDengar zIG-88 zGreedo zBoba",1
"Beck",1,1,93262,Carth,"zCarth Onasi, zMission zZaalbar zJuhani Canderous 8",1
"Beck",1,1,131464,zEP,"zzEP zzzVader zzTarkin TFP 8, zzDN",1
"Beck",1,0,96467,Wiggs,"Wedge 9, Biggs zzzCLS Chewbacca 8, zLeia",1
"Beck",1,0,92791,Wampa (Counter),"zRex zzWampa Visas 7, HYoda 7, Jyn 8",1
"Beck",0,1,76755,Phoenix,"zHera Kanan 8, Chopper 9, zSabine Zeb 8",1
"Beck",1,0,78930,Jawas,"Nebit 8, Jawa Engineer 8, Jawa Scavenger, Jawa 8, Dathcha",1
"Beck",1,0,14139,SionSolo (Counter),"Sion 8",1
"Beck",1,1,95972,NS,"zzMT zzAV zDaka Zombie Spirit 9",0
"Beck",0,1,90376,Grievous,"zzGG B2 4* 7, B1 8, Droideka zDooku",0
"Beck",,,63523,Mon Mothma,"Mon Mothma 4* 7, Chirrut 8, K-2SO 8, Baze 8, Hoth Rebel Scout 8",0
"Beck",1,0,58254,Troopers,"Veers 9, Starck 5, Stormtrooper 8, DT 8, Range Trooper 4* 7",0
"Beck",0,1,75437,FO,"zzKRU 8, zKylo FOST 8, FOO 8, FOE 8",0
"Beck",0,1,64922,BH,"Jango 6* 4, Zam 7, Cad Greef Karga 7, Nest 7",0
"Upgreyd",1,1,125626,NS,"zzMT zAV zDaka Zombie Spirit",1
"Upgreyd",0,1,146745,padme,"zzPadme zGK zJKA zAhsoka zC-3PO",1
"Upgreyd",0,1,116993,DRMalak,"zzzDR zHK-47 zBSF zzMalak Sith Assassin 8",1
"Upgreyd",,,453719,Negotiator,"Negotiator 6* HT Anakin's Eta-2 Starfighter, Umbaran Starfighter, Ahsoka Tano's Jedi Starfighter, BTL-B Y-wing Starfighter 6*, Clone Sergeant's ARC-170, Plo Koon's Jedi Starfighter",1
"Upgreyd",,,423958,HansMF,"Home One, Han's MF, Rebel Y-wing, Bistan's U-wing, Phantom Ghost Cassian's U-wing, Wedge X-wing",1
"Upgreyd",0,1,114982,Geonosians,"zzGBA Sun Fac, Geo Soldier, Geo Spy, Poggle",1
"Upgreyd",0,1,123407,Grievous,"zGG zB2 zB1 zDroideka zMagnaGuard",1
"Upgreyd",1,1,114472,JTR,"zJTR Scav Rey, BB-8 zzR2-D2 zFinn",1
"Upgreyd",,,344651,Executrix,"Executrix Tie Adv, Emperor's Shuttle, TIE Reaper, Imperial TIE Fighter, Gauntlet Starfighter, First Order SF TIE Fighter, First Order TIE Fighter",1
"Upgreyd",,,95405,Nute-Wat,"zNute zDooku zWat Tambor 4*, Jango Nest",1
"Upgreyd",1,1,132420,Revan Offense,"zzzJKR zzGMY BS zJolee zHYoda",1
"Upgreyd",1,1,85942,Ewoks,"zChirpa Elder Paploo Wicket Logray",1
"Upgreyd",0,1,108262,BH,"zBossk Zam Dengar Greedo Boba",1
"Upgreyd",1,1,90617,Carth,"zCarth Onasi, Mission Zaalbar Juhani Canderous",1
"Upgreyd",0,1,77753,FO,"zKRU Kylo 9, FOST 9, FOO 8, FOE",1
"Upgreyd",0,1,130369,Phoenix,"zHera zKanan Ezra zSabine zZeb",1
"Upgreyd",1,0,84816,Wiggs,"Wedge 8, Biggs 8, zCLS Han Chewbacca",1
"Upgreyd",1,0,75561,Thragma (Counter),"Thrawn Magma 7, DT 8, Tarkin Shoretrooper 8",1
"Upgreyd",1,1,73450,Rogue1,"Jyn 8, Chirrut 8, Baze 8, K-2SO 9, Cassian",1
"Upgreyd",1,0,74165,EP (Counter, Rebel),"EP Wampa 8, Range Trooper 8, Stormtrooper 8, Starck",1
"Upgreyd",1,0,17596,SionSolo (Counter),"Sion",1
"Upgreyd",,,62476,Mon Mothma,"Mon Mothma 5* 8, Bistan 7, Pao 8, Hoth Rebel Scout 8, Bodhi Rook 8",0
"Upgreyd",1,0,92364,ShaakClones,"zzShaak Ti, Rex Echo 9, Fives ARC Trooper 8",0
"Upgreyd",1,0,70449,Jawas,"Nebit 8, Jawa Engineer 9, Jawa Scavenger 7, Jawa 9, Dathcha 9",0
"RedWolf",1,1,142073,SL Kylo,"zzzzzzSL Kylo, zSith Trooper, zHux zzKRU Thrawn 9",1
"RedWolf",0,1,122317,padme,"zzPadme zGK zJKA zAhsoka zzC-3PO",1
"RedWolf",0,1,118742,DRMalak,"zzzDR zzHK-47 zBSF zzMalak Sith Marauder",1
"RedWolf",,,407369,Negotiator,"Negotiator HT Anakin's Eta-2 Starfighter, Umbaran Starfighter, Ahsoka Tano's Jedi Starfighter, BTL-B Y-wing Starfighter, Clone Sergeant's ARC-170, Plo Koon's Jedi Starfighter",1
"RedWolf",1,0,113617,CLS,"zzzCLS zHan zzChewbacca 8, zzR2-D2 Old Ben",1
"RedWolf",,,380466,HansMF,"Home One, Han's MF, Rebel Y-wing, Bistan's U-wing, Phantom Ghost Cassian's U-wing, Biggs X-wing",1
"RedWolf",0,1,92842,Geonosians,"zzGBA Sun Fac, Geo Soldier, Geo Spy, Poggle",1
"RedWolf",0,1,104802,Grievous,"zzGG zB2 zB1 zDroideka zMagnaGuard",1
"RedWolf",,,421042,Executrix,"Executrix Tie Adv, Emperor's Shuttle, TIE Reaper, Imperial TIE Fighter, Gauntlet Starfighter, First Order SF TIE Fighter, First Order TIE Fighter",1
"RedWolf",,,103377,Nute-OR,"zNute zDooku zJango zZaalbar zMission",1
"RedWolf",1,1,112284,Revan Offense,"zzzJKR zzGMY BS zJolee zzHYoda",1
"RedWolf",1,1,88420,Ewoks,"zChirpa Elder zPaploo zWicket Logray 8",1
"RedWolf",0,1,101657,BH,"zzBossk Dengar 8, IG-88 Greedo zBoba",1
"RedWolf",1,1,113000,zEP,"zzEP zzzVader Tarkin TFP 9, zSion 9",1
"RedWolf",0,1,69747,Phoenix,"Hera 9, Kanan 8, Ezra 8, Sabine 8, Zeb 8",1
"RedWolf",1,0,107839,Wampa (Counter),"zRex zzWampa Krennic 8, zzJyn FOO",1
"RedWolf",1,0,81124,Wiggs,"Wedge 8, Biggs 8, Fulcrum Chirrut Baze",1
"RedWolf",1,0,18601,NestSolo (Counter),"zNest",1
"RedWolf",1,1,92360,NS,"zzMT 8, zzAV zDaka Zombie Spirit 2",0
"RedWolf",,,76329,Mon Mothma,"Mon Mothma 4* 8, Bistan 8, zK-2SO zCassian Hoth Rebel Scout 8",0
"RedWolf",1,0,66090,Troopers,"Veers Starck 7, Snowtrooper 7, Range Trooper 7, Shoretrooper 7",0
"RedWolf",1,0,62107,Jawas,"Nebit 7, Jawa Engineer 7, Jawa Scavenger 8, Jawa 7, Dathcha 8",0
"Jakoby77",1,1,105788,NS,"zzMT zzAV zDaka Zombie Spirit",1
"Jakoby77",,,143641,JMLS,"zzzzzzJMLS zzJKL zzHYoda zzOld Ben, Ezra",1
"Jakoby77",0,1,124979,DRMalak,"zzzDR zzHK-47 zBSF zzMalak Sith Empire Trooper",1
"Jakoby77",0,1,126945,padme,"zzPadme zGK zJKA zAhsoka zzC-3PO",1
"Jakoby77",1,0,147943,CLS,"zzzCLS zHan zzChewbacca zzR2-D2 zChewpio",1
"Jakoby77",,,446938,Negotiator,"Negotiator HT Anakin's Eta-2 Starfighter, Umbaran Starfighter, Ahsoka Tano's Jedi Starfighter, BTL-B Y-wing Starfighter, Clone Sergeant's ARC-170, Plo Koon's Jedi Starfighter",1
"Jakoby77",,,416131,HansMF,"Home One, Han's MF, Rebel Y-wing, Bistan's U-wing, Phantom Biggs X-wing, Cassian's U-wing, Wedge X-wing",1
"Jakoby77",0,1,93273,Geonosians,"zzGBA Sun Fac, Geo Soldier, Geo Spy, Poggle",1
"Jakoby77",0,1,111959,Grievous,"zzGG zB2 zB1 zDroideka MagnaGuard",1
"Jakoby77",1,0,115082,Traya,"zzTraya DN zSion zzEP zzThrawn",1
"Jakoby77",,,319244,Executrix,"Executrix Tie Adv, Emperor's Shuttle, TIE Reaper, Imperial TIE Fighter, Gauntlet Starfighter, First Order SF TIE Fighter, First Order TIE Fighter",1
"Jakoby77",1,1,144348,GAS,"zzzzGAS zRex zEcho zzFives zARC Trooper",1
"Jakoby77",,,93098,Mon Mothma,"zMon Mothma, Bistan 8, Lando Chirrut 9, Baze",1
"Jakoby77",1,1,70315,Ewoks,"zChirpa Elder Paploo Wicket Logray 9",1
"Jakoby77",0,1,104807,BH,"zzBossk Dengar 9, zEmbo zJango Boba",1
"Jakoby77",1,1,95175,Carth,"zCarth Onasi, zMission zZaalbar Juhani Canderous",1
"Jakoby77",0,1,107086,FO,"zzKRU zKylo zHux zFOST FOE",1
"Jakoby77",0,1,64849,Phoenix,"Hera 8, Kanan 8, Chopper 8, Sabine 8, Zeb 8",1
"Jakoby77",1,0,20568,NestSolo (Counter),"zNest",1
"Jakoby77",1,0,66910,Troopers,"Veers 9, Starck 7, Snowtrooper 7, DT 9, Shoretrooper",0
"Jakoby77",1,0,46902,Jawas,"Nebit 8, Jawa Engineer 8, Jawa Scavenger 7, Jawa 8, Dathcha 7",0
"Chubbs Peterson",0,1,145013,DRMalak,"zzzDR zzHK-47 zBSF zzMalak Sith Empire Trooper",1
"Chubbs Peterson",0,1,130970,padme,"zzPadme zGK zJKA zAhsoka zzC-3PO",1
"Chubbs Peterson",,,437624,Negotiator,"Negotiator HT Anakin's Eta-2 Starfighter, Umbaran Starfighter, Ahsoka Tano's Jedi Starfighter, BTL-B Y-wing Starfighter, Clone Sergeant's ARC-170, Plo Koon's Jedi Starfighter",1
"Chubbs Peterson",1,0,123096,CLS,"zzzCLS zHan zzChewbacca zzR2-D2 zOld Ben",1
"Chubbs Peterson",,,354085,HansMF,"Home One, Han's MF, Rebel Y-wing, Bistan's U-wing, Phantom Ghost Cassian's U-wing, Biggs X-wing",1
"Chubbs Peterson",0,1,102515,Geonosians,"zzGBA Sun Fac, Geo Soldier, Geo Spy, Poggle",1
"Chubbs Peterson",1,0,122343,Traya,"zzTraya zDN zSion zzEP zThrawn",1
"Chubbs Peterson",0,1,117445,Grievous,"zzGG zB2 zB1 zDroideka zMagnaGuard",1
"Chubbs Peterson",,,93371,Nute-Wat,"zNute zDooku zWat Tambor 4*, zJango zNest",1
"Chubbs Peterson",1,1,139208,GAS,"zzzzGAS zRex zEcho zzFives zARC Trooper",1
"Chubbs Peterson",1,1,119099,Revan Offense,"zzzJKR zzGMY zBS zJolee zHYoda",1
"Chubbs Peterson",1,1,81824,Ewoks,"zChirpa Elder Paploo Scout Logray",1
"Chubbs Peterson",0,1,108083,BH,"zzBossk Dengar Cad zzGreef Karga, Boba",1
"Chubbs Peterson",1,1,89328,Carth,"zCarth Onasi, zMission Zaalbar Juhani Canderous 8",1
"Chubbs Peterson",0,1,132943,FO,"zzKRU zKylo zHux FOO FOE",1
"Chubbs Peterson",0,1,72405,Phoenix,"Hera 8, Kanan 8, Ezra Sabine 8, Zeb 8",1
"Chubbs Peterson",1,0,84168,Wiggs,"Wedge 8, Biggs Fulcrum Chirrut Baze",1
"Chubbs Peterson",1,1,90396,NS,"zzMT zAV zDaka Zombie Spirit 3",0
"Chubbs Peterson",,,61783,Mon Mothma,"Mon Mothma 4* 7, Lando K-2SO 6, Cassian 6, Jyn 7",0
"Chubbs Peterson",1,0,40121,Jawas,"Nebit 1, Jawa Engineer 1, Jawa Scavenger 7, Jawa 3, Dathcha 1",0
"Kaervek",1,1,113315,NS,"zzMT zzAV zDaka Zombie Spirit",1
"Kaervek",0,1,123849,padme,"zzPadme zGK zJKA zAhsoka zC-3PO",1
"Kaervek",0,1,119183,DRMalak,"zzzDR zHK-47 zBSF zzMalak Sith Empire Trooper",1
"Kaervek",1,0,126073,CLS,"zzzCLS zHan zzChewbacca zzR2-D2 Old Ben",1
"Kaervek",,,394330,Negotiator,"Negotiator 5* HT Anakin's Eta-2 Starfighter, Umbaran Starfighter, Ahsoka Tano's Jedi Starfighter, Clone Sergeant's ARC-170, Plo Koon's Jedi Starfighter, Rex's ARC-170",1
"Kaervek",0,1,95948,Geonosians,"zzGBA Sun Fac, Geo Soldier, Geo Spy, Poggle",1
"Kaervek",0,1,112975,Grievous,"zzGG zB2 zB1 zDroideka MagnaGuard",1
"Kaervek",1,0,108530,Traya,"zzTraya DN zSion zNest zThrawn",1
"Kaervek",,,99930,Nute-OR,"zNute Dooku zzJango zZaalbar zMission",1
"Kaervek",1,1,116265,Revan Offense,"zzzJKR zGMY zBS zJolee zHYoda",1
"Kaervek",1,1,84285,Ewoks,"zChirpa Elder Paploo Wicket zLogray",1
"Kaervek",1,0,98399,ShaakClones,"zzShaak Ti, zRex zEcho zFives ARC Trooper 8",1
"Kaervek",0,1,97517,BH,"zzBossk Dengar IG-88 Greedo zBoba",1
"Kaervek",1,1,104070,zEP,"zEP zzzVader zTarkin DT TFP",1
"Kaervek",0,1,86742,FO,"zzKRU Kylo FOTP FOO FOE",1
"Kaervek",0,1,74993,Phoenix,"Hera 8, Kanan 8, zEzra Sabine 8, Zeb 8",1
"Kaervek",1,0,90483,Troopers,"zVeers zStarck zAdmiral Piett 9, Snowtrooper Stormtrooper",1
"Kaervek",1,1,81238,Rogue1,"zJyn 8, Chirrut Baze Bistan 8, Cassian 9",1
"Kaervek",1,0,48058,Jawas,"Nebit 8, Jawa Engineer 5* 7, Jawa Scavenger 7, Jawa 6* 8, Dathcha 8",0
"Hollow Child",0,1,116863,padme,"zzPadme zGK zJKA zAhsoka zC-3PO",1
"Hollow Child",0,1,115485,DRMalak,"zzzDR zHK-47 zBSF zzMalak Sith Empire Trooper 8",1
"Hollow Child",1,0,101979,CLS,"zzCLS zHan zChewbacca zzR2-D2 Old Ben 9",1
"Hollow Child",1,1,104978,NS_Alt,"zzMT zAV Daka Talia Zombie",1
"Hollow Child",,,380219,HansMF,"Home One, Han's MF, Rebel Y-wing, Bistan's U-wing, Phantom Ghost Cassian's U-wing, Wedge X-wing",1
"Hollow Child",,,409666,Negotiator,"Negotiator 6* HT Anakin's Eta-2 Starfighter, Umbaran Starfighter, Ahsoka Tano's Jedi Starfighter, Clone Sergeant's ARC-170, Plo Koon's Jedi Starfighter, Rex's ARC-170",1
"Hollow Child",0,1,94555,Geonosians,"zzGBA Sun Fac, Geo Soldier, Geo Spy, Poggle",1
"Hollow Child",0,1,110688,Grievous,"zzGG zB2 zB1 zDroideka MagnaGuard",1
"Hollow Child",1,1,109642,Revan Offense,"zzzJKR zGMY zBS zJolee HYoda",1
"Hollow Child",1,1,87377,Ewoks,"zChirpa 9, Elder zPaploo zWicket zLogray 9",1
"Hollow Child",1,0,108363,ShaakClones,"zzShaak Ti, zRex zEcho zFives zARC Trooper",1
"Hollow Child",1,1,94831,Carth,"zCarth Onasi, zMission zZaalbar zJuhani Canderous",1
"Hollow Child",0,1,94708,BH,"zzBossk Zam Dengar 8, Greedo Boba",1
"Hollow Child",1,1,117993,zEP,"zzEP zzVader zTarkin TFP zSith Trooper",1
"Hollow Child",0,1,122844,FO,"zzKRU zKylo zHux FOST FOE",1
"Hollow Child",0,1,84124,Phoenix,"Hera Kanan Ezra zSabine Zeb 8",1
"Hollow Child",1,1,71351,Rogue1,"Jyn 8, Chirrut 8, Baze 8, K-2SO 8, Cassian 9",1
"Hollow Child",1,0,20119,SionSolo (Counter),"zSion",1
"Hollow Child",1,0,18858,NestSolo (Counter),"zNest",1
"Hollow Child",,,365147,Executrix,"Executrix Tie Adv, Emperor's Shuttle 4*, TIE Reaper 4*, Imperial TIE Fighter, Gauntlet Starfighter, First Order SF TIE Fighter 5*, First Order TIE Fighter",0
"Hollow Child",,,64274,Mon Mothma,"Mon Mothma 5* 8, Bistan 8, Pao 8, Lando Hoth Rebel Scout 8",0
"Hollow Child",1,0,58747,Troopers,"Veers 8, Starck 7, Snowtrooper 8, DT 8, Range Trooper 4* 7",0
"Hollow Child",1,0,67295,Thragma (Counter),"zThrawn Magma 8, Krennic 6* 8, Stormtrooper 8, Shoretrooper 5* 7",0
"Hollow Child",0,1,80609,BH,"Jango The Mandalorian 8, Aurra 8, Cad IG-88",0
"Hollow Child",1,0,99340,zMaul,"Maul zDooku zDN zSidious zSavage",0
"Hollow Child",1,0,65035,Jawas,"Nebit 8, Jawa Engineer 6* 8, Jawa Scavenger 7, Jawa 8, Dathcha",0
"Esaascar",0,1,134857,padme,"zzPadme zGK zJKA zAhsoka zzC-3PO",1
"Esaascar",0,1,113110,DRMalak,"zzzDR zzHK-47 zBSF zzMalak Sith Empire Trooper 8",1
"Esaascar",1,0,120466,CLS,"zzzCLS zHan zzChewbacca zzR2-D2 Old Ben",1
"Esaascar",,,449654,Negotiator,"Negotiator HT Anakin's Eta-2 Starfighter, Umbaran Starfighter, Ahsoka Tano's Jedi Starfighter, Clone Sergeant's ARC-170, Plo Koon's Jedi Starfighter, Rex's ARC-170",1
"Esaascar",,,358465,HansMF,"Home One, Han's MF 6*, Biggs X-wing, Bistan's U-wing, Phantom Ghost Cassian's U-wing, Wedge X-wing",1
"Esaascar",0,1,100956,Geonosians,"zzGBA Sun Fac, Geo Soldier, Geo Spy, Poggle",1
"Esaascar",0,1,120166,Grievous,"zzGG zB2 zB1 zDroideka zMagnaGuard",1
"Esaascar",1,1,117768,Revan Offense,"zzzJKR zGMY zBS zJolee zHYoda",1
"Esaascar",1,1,84140,Ewoks,"zChirpa Elder Paploo zWicket Logray",1
"Esaascar",1,1,94574,Carth,"zCarth Onasi, zMission zZaalbar Juhani zCanderous",1
"Esaascar",0,1,98280,BH,"zzBossk Dengar Cad zzJango Boba",1
"Esaascar",1,1,103885,zEP,"zzEP zzzVader Tarkin TFP 8, zzTraya",1
"Esaascar",0,1,94507,FO,"zzKRU zKylo FOST FOO FOE",1
"Esaascar",0,1,73944,Phoenix,"Hera Kanan 9, Ezra Chopper Zeb 8",1
"Esaascar",1,0,75512,Troopers,"zVeers Starck 9, Magma 9, Snowtrooper Stormtrooper",1
"Esaascar",1,0,21048,SionSolo (Counter),"zSion",1
"Esaascar",1,1,92155,NS,"zMT zzAV zDaka Zombie Spirit 9",0
"Esaascar",,,298509,Executrix,"Executrix Tie Adv, Emperor's Shuttle 4*, TIE Reaper 4*, Imperial TIE Fighter, Gauntlet Starfighter 6*, First Order SF TIE Fighter, First Order TIE Fighter",0
"Esaascar",,,75425,Mon Mothma,"zzMon Mothma 4* 8, Bistan 8, Chirrut 8, Biggs Wedge",0
"Esaascar",1,1,100818,GAS,"zzzzGAS 5* 8, zRex zEcho zzFives zARC Trooper",0
"Esaascar",1,0,58774,Jawas,"Nebit 7, Jawa Engineer 9, Jawa Scavenger 8, Jawa 6* 8, Dathcha 7",0
"Esaascar",1,0,8044,NestSolo (Counter),"Nest 4* 6",0
"Btr Nut",0,1,121970,padme,"zzPadme zGK zJKA zAhsoka zC-3PO",1
"Btr Nut",1,1,100645,NestSisters,"zzAV zMT Daka Zombie zNest",1
"Btr Nut",1,0,118988,CLS,"zzzCLS zHan zzChewbacca zzR2-D2 Old Ben",1
"Btr Nut",0,1,102639,DR,"zzzDR zHK-47 zBSF Sith Empire Trooper 8, Sith Assassin 8",1
"Btr Nut",,,464009,Negotiator,"Negotiator HT Anakin's Eta-2 Starfighter, Umbaran Starfighter, Ahsoka Tano's Jedi Starfighter, Clone Sergeant's ARC-170, Plo Koon's Jedi Starfighter, Rex's ARC-170",1
"Btr Nut",,,395808,HansMF,"Home One, Han's MF, Biggs X-wing, Bistan's U-wing, Phantom Ghost Cassian's U-wing, Wedge X-wing",1
"Btr Nut",0,1,94696,Geonosians,"zzGBA Sun Fac, Geo Soldier, Geo Spy, Poggle",1
"Btr Nut",0,1,80574,Grievous,"zGG B2 8, B1 Droideka 9, MagnaGuard 8",1
"Btr Nut",,,109322,Nute-OR,"zNute zDooku zzJango zZaalbar zMission",1
"Btr Nut",1,1,127274,Revan Offense,"zzzJKR zzGMY zBS zJolee HYoda 9",1
"Btr Nut",1,1,90157,Ewoks,"zChirpa Elder Paploo Wicket zLogray",1
"Btr Nut",1,0,116938,ShaakClones,"zzShaak Ti, zRex zEcho zzFives zARC Trooper",1
"Btr Nut",0,1,110474,BH,"zzBossk Dengar zIG-88 Greedo zBoba",1
"Btr Nut",1,1,108664,zEP,"zEP zzzVader zTarkin TFP 9, zDN",1
"Btr Nut",0,1,83186,FO,"zKRU Kylo 9, FOTP FOO FOE",1
"Btr Nut",0,1,76611,Phoenix,"Hera Kanan 8, Ezra Sabine Zeb 8",1
"Btr Nut",1,0,83741,Thragma (Counter),"zzThrawn Magma 9, zKrennic 9, Stormtrooper Shoretrooper 8",1
"Btr Nut",1,1,85962,Rogue1,"zJyn Chirrut 8, Baze 8, K-2SO 9, zCassian",1
"Btr Nut",1,0,72673,Jawas,"Nebit 8, Jawa Engineer 9, Jawa Scavenger 8, Jawa 9, Dathcha",1
"Btr Nut",1,0,20236,SionSolo (Counter),"zSion",1
"Btr Nut",,,367232,Executrix,"Executrix Tie Adv, Emperor's Shuttle 5*, TIE Reaper 6*, Imperial TIE Fighter, Gauntlet Starfighter, First Order SF TIE Fighter 4*, First Order TIE Fighter",0
"Btr Nut",,,72596,Mon Mothma,"Mon Mothma 4* 8, Bistan 8, Pao 8, Biggs Hoth Rebel Scout",0
"Btr Nut",1,0,67997,Troopers,"Veers Starck Snowtrooper 8, DT 5* 8, Range Trooper 4* 8",0
"Dalziel",0,1,141873,DRMalak,"zzzDR zzHK-47 zBSF zzMalak Sith Empire Trooper",1
"Dalziel",0,1,121020,padme,"zzPadme zGK zJKA zAhsoka zzC-3PO",1
"Dalziel",,,421851,Negotiator,"Negotiator HT Anakin's Eta-2 Starfighter, Umbaran Starfighter, Ahsoka Tano's Jedi Starfighter, BTL-B Y-wing Starfighter, Clone Sergeant's ARC-170, Plo Koon's Jedi Starfighter",1
"Dalziel",1,0,138974,CLS,"zzzCLS zHan zzChewbacca zzR2-D2 Old Ben",1
"Dalziel",1,1,97268,NS_Alt,"zzMT zAV zDaka Talia Zombie",1
"Dalziel",,,408300,HansMF,"Home One, Han's MF, Rebel Y-wing, Bistan's U-wing, Phantom Biggs X-wing, Cassian's U-wing, Wedge X-wing",1
"Dalziel",0,1,93759,Geonosians,"zzGBA Sun Fac, Geo Soldier, Geo Spy, Poggle",1
"Dalziel",0,1,114060,Grievous,"zzGG zB2 zB1 zDroideka zMagnaGuard",1
"Dalziel",1,0,110087,Traya,"zzTraya zDN zSion zzEP zThrawn",1
"Dalziel",,,95018,Nute-Wat,"zNute zDooku zWat Tambor 4*, zJango zNest",1
"Dalziel",1,1,124879,Revan Offense,"zzzJKR zzGMY zBS zJolee zzHYoda",1
"Dalziel",1,1,87811,Ewoks,"zChirpa Elder zPaploo zWicket Logray 9",1
"Dalziel",1,0,108226,ShaakClones,"zzShaak Ti, zRex zEcho zzFives zARC Trooper",1
"Dalziel",0,1,102403,BH,"zzBossk Zam Dengar IG-88 zBoba",1
"Dalziel",1,1,93359,Carth,"zCarth Onasi, zMission zZaalbar Juhani zCanderous",1
"Dalziel",0,1,91265,FO,"zzKRU zKylo FOST 9, FOO FOE",1
"Dalziel",1,0,89978,Troopers,"zVeers zStarck DT Range Trooper, Shoretrooper",1
"Dalziel",0,1,72195,Phoenix,"Hera 9, Kanan 8, Ezra Sabine 8, Zeb 8",1
"Dalziel",1,0,73239,Jawas,"Nebit Jawa Engineer 9, Jawa Scavenger 8, Jawa 9, Dathcha",1
"Dalziel",,,78808,Mon Mothma,"Mon Mothma 4* 8, Pao 8, Lando Chirrut 8, Biggs",0
"Ryu Herr",0,1,126549,padme,"zzPadme zGK zJKA zAhsoka zzC-3PO",1
"Ryu Herr",0,1,122234,DRMalak,"zzzDR zzHK-47 zBSF zzMalak Sith Empire Trooper 8",1
"Ryu Herr",,,413921,Negotiator,"Negotiator 5* HT Anakin's Eta-2 Starfighter, Umbaran Starfighter, Ahsoka Tano's Jedi Starfighter, BTL-B Y-wing Starfighter, Clone Sergeant's ARC-170, Plo Koon's Jedi Starfighter",1
"Ryu Herr",1,0,120366,CLS,"zzzCLS zHan zzChewbacca zzR2-D2 Old Ben",1
"Ryu Herr",,,409549,HansMF,"Home One, Han's MF, Biggs X-wing, Bistan's U-wing, Phantom Ghost Cassian's U-wing, Wedge X-wing",1
"Ryu Herr",0,1,93781,Geonosians,"zzGBA Sun Fac, Geo Soldier, Geo Spy, Poggle",1
"Ryu Herr",0,1,119092,Grievous,"zzGG zB2 zB1 zDroideka zMagnaGuard",1
"Ryu Herr",1,0,103709,Traya,"zzTraya zDN Sion 9, zzEP zThrawn",1
"Ryu Herr",,,100553,Nute-OR,"zNute zDooku zJango zZaalbar zMission",1
"Ryu Herr",1,1,124673,Revan Offense,"zzzJKR zzGMY zBS zJolee zHYoda",1
"Ryu Herr",1,1,84670,Ewoks,"zChirpa 9, Elder Paploo Wicket zLogray",1
"Ryu Herr",1,0,100291,ShaakClones,"zzShaak Ti, zRex zEcho zFives ARC Trooper 9",1
"Ryu Herr",0,1,98303,BH,"zBossk Dengar 9, IG-88 zGreedo zBoba",1
"Ryu Herr",0,1,87356,FO,"zKRU zKylo FOST 8, FOO FOE",1
"Ryu Herr",1,0,86312,Troopers,"zVeers Starck Stormtrooper DT Range Trooper",1
"Ryu Herr",0,1,85573,Phoenix,"Hera Kanan zEzra zSabine Zeb 8",1
"Ryu Herr",1,1,77273,Rogue1,"Jyn Chirrut Baze K-2SO 8, Cassian 9",1
"Ryu Herr",1,0,18810,NestSolo (Counter),"zNest",1
"Ryu Herr",1,1,89882,NS,"zMT zzAV zDaka Zombie 8, Spirit 8",0
"Ryu Herr",,,362366,Executrix,"Executrix Tie Adv, Emperor's Shuttle 4*, TIE Reaper, Imperial TIE Fighter, Gauntlet Starfighter, First Order SF TIE Fighter 3*, First Order TIE Fighter",0
"Ryu Herr",1,0,60457,Jawas,"Nebit 6, Jawa Engineer 4* 9, Jawa Scavenger 8, Jawa 7, Dathcha 9",0
"Logan Ceti",,,149588,JMLS,"zzzzzzJMLS zzJKL zzHYoda zzOld Ben, Ezra 8",1
"Logan Ceti",1,0,158741,CLS,"zzzCLS zHan zzChewbacca zzR2-D2 zChewpio",1
"Logan Ceti",,,443747,HansMF,"Home One, Han's MF, Rebel Y-wing, Bistan's U-wing, Phantom Biggs X-wing, Cassian's U-wing, Wedge X-wing",1
"Logan Ceti",,,104876,Mon Mothma,"zzMon Mothma, Bistan Lando Hoth Rebel Scout, Wedge",1
"Logan Ceti",1,1,124101,Revan,"zzzJKR zBS zzGMY zJolee zGK",1
"Logan Ceti",1,1,90061,Ewoks,"zChirpa Elder zPaploo zWicket zLogray",1
"Logan Ceti",0,1,115615,BH,"zzBossk zZam zDengar zzJango zBoba",1
"Logan Ceti",1,1,115782,zEP,"zzEP zzzVader zzTarkin TFP 9, zzDN 8",1
"Logan Ceti",1,0,116966,Troopers,"zVeers zStarck Magma Snowtrooper zStormtrooper",1
"Logan Ceti",0,1,92440,FO,"zzKRU zKylo zFOTP FOO Phasma",1
"Logan Ceti",0,1,79844,Grievous,"zGG 7, B2 5, zDooku 9, zIG-88 T3-M4",0
"Logan Ceti",1,1,54859,NS,"MT 6, AV Daka 4, Zombie 4, Spirit 3",0
"Logan Ceti",1,0,55580,ShaakClones,"zShaak Ti 5* 5, Rex 6, Echo 2, zFives 8, Clone Sergeant 5",0
"Logan Ceti",0,1,75059,Phoenix,"zHera Kanan 8, Chopper Sabine 4* 7, zZeb 9",0
"Logan Ceti",1,0,50576,Jawas,"Nebit 7, Jawa Engineer 5, Jawa Scavenger 6, Jawa 5, Dathcha 7",0
"Logan Ceti",1,0,8233,NestSolo (Counter),"Nest 3* 6",0
"Rouge 5hadow",0,1,104542,DR,"zzzDR zzHK-47 zBSF Sith Empire Trooper 9, zThrawn 8",1
"Rouge 5hadow",1,1,140011,Revan,"zzzJKR zBS zGMY zJolee GK",1
"Rouge 5hadow",1,1,93918,Carth,"zCarth Onasi, zMission zZaalbar 8, Juhani zCanderous",1
"Rouge 5hadow",1,1,98201,zEP,"zEP 8, zzVader Tarkin 8, zzTraya zSion",1
"Rouge 5hadow",0,1,101287,Phoenix,"zHera zKanan zEzra zSabine zZeb",1
"Rouge 5hadow",,,278151,Negotiator,"Negotiator HT 3* Anakin's Eta-2 Starfighter 5*, Umbaran Starfighter 6*, Ahsoka Tano's Jedi Starfighter, BTL-B Y-wing Starfighter 6*, Clone Sergeant's ARC-170, Plo Koon's Jedi Starfighter",0
"Rouge 5hadow",0,1,72623,Geonosians,"zzGBA Sun Fac 7, Geo Soldier 8, Geo Spy 8, Poggle 6",0
"Rouge 5hadow",1,1,76866,NS,"zMT AV Daka 8, Zombie 6* Spirit 5* 8",0
"Rouge 5hadow",0,1,76084,BH,"zzBossk 4* Dengar 6* 5, zzGreef Karga 6*, Greedo 5, zBoba",0
"Rouge 5hadow",1,0,12924,NestSolo (Counter),"zNest 3*",0
"Scuba Bill23",0,1,113985,DRMalak,"zzzDR zzHK-47 zBSF zzMalak Sith Empire Trooper",1
"Scuba Bill23",0,1,118325,padme,"zzPadme zGK zJKA zAhsoka zzC-3PO",1
"Scuba Bill23",,,430075,Negotiator,"Negotiator HT Anakin's Eta-2 Starfighter, Umbaran Starfighter, Ahsoka Tano's Jedi Starfighter, BTL-B Y-wing Starfighter, Clone Sergeant's ARC-170, Plo Koon's Jedi Starfighter",1
"Scuba Bill23",,,300621,HansMF,"Home One, Han's MF, Rebel Y-wing 6*, Bistan's U-wing, Phantom Ghost Cassian's U-wing, Biggs X-wing",1
"Scuba Bill23",0,1,108161,Grievous,"zzGG zB2 zB1 zDroideka zMagnaGuard",1
"Scuba Bill23",1,1,131487,GAS,"zzzzGAS zRex zEcho zzFives zARC Trooper",1
"Scuba Bill23",1,1,99881,Revan Offense,"zzzJKR zGMY BS zJolee zHYoda",1
"Scuba Bill23",1,1,78280,Ewoks,"zChirpa Elder Paploo Wicket Logray",1
"Scuba Bill23",0,1,92316,BH,"zBossk Dengar Cad Jango Boba",1
"Scuba Bill23",1,1,84999,Carth,"zCarth Onasi, zMission zZaalbar Juhani 8, zCanderous",1
"Scuba Bill23",1,1,109803,zEP,"zzEP zzzVader zzTarkin zKrennic TFP 8",1
"Scuba Bill23",0,1,71657,Phoenix,"Hera Kanan Ezra Sabine 8, Zeb 9",1
"Scuba Bill23",1,0,96242,zMaul,"zMaul zDooku zSidious Savage Sith Marauder",1
"Scuba Bill23",1,0,15490,SionSolo (Counter),"Sion 9",1
"Scuba Bill23",1,0,90462,CLS,"zCLS zHan Chewbacca 8, zzR2-D2 Old Ben",0
"Scuba Bill23",,,262786,Malevolence,"Malevolence 5* Sun Fac SF, Soldier SF, Spy SF, Hyena Bomber 5*, Vulture Droid 4*, IG-2000",0
"Scuba Bill23",,,333686,Executrix,"Executrix Tie Adv, Emperor's Shuttle 6*, TIE Reaper, Imperial TIE Fighter, Gauntlet Starfighter, First Order SF TIE Fighter 6*, First Order TIE Fighter",0
"Scuba Bill23",1,0,83451,Troopers,"zVeers zStarck zzAdmiral Piett 6*, Snowtrooper 3, DT",0
"Scuba Bill23",0,1,67397,FO,"KRU Kylo 9, FOST 8, FOO FOSFTP 8",0
"LordJarJar",0,1,141537,DR,"zzzDR zzHK-47 zBSF Sith Empire Trooper, zThrawn",1
"LordJarJar",1,1,113547,Revan Offense,"zzzJKR zGMY zBS zJolee JKA",1
"LordJarJar",1,1,91584,Carth,"zCarth Onasi, zMission zZaalbar zJuhani Canderous",1
"LordJarJar",1,1,117204,zEP,"zzEP zzzVader zTarkin Krennic TFP",1
"LordJarJar",0,1,77033,Phoenix,"Hera Kanan 9, Ezra zSabine Zeb 8",1
"LordJarJar",1,0,76981,Wiggs,"Wedge 8, Biggs 8, zCLS zHan Leia 8",1
"LordJarJar",1,0,87337,Troopers,"zVeers zStarck Magma 7, Snowtrooper 8, Stormtrooper",1
"LordJarJar",1,0,74100,Traya,"Traya 8, zDN Sion 3* 8, zDooku Sith Assassin 5* 7",0
"LordJarJar",1,1,68859,Ewoks,"zChirpa 5* 8, Elder Paploo Wicket 6* Logray 6* 9",0
"LordJarJar",0,1,71620,BH,"Bossk 4* 8, Cad 8, Greedo 8, zJango 5* Boba 9",0
"LordJarJar",0,1,58722,FO,"KRU 8, Kylo FOTP 8, FOO 8, Phasma 8",0
"Mandaloian Ophace",1,1,100503,NS,"zzMT zzAV zDaka Zombie Spirit",1
"Mandaloian Ophace",1,0,109590,CLS,"zzzCLS zHan Chewbacca zzR2-D2 zStormtrooper Han 9",1
"Mandaloian Ophace",0,1,85142,Geonosians,"zzGBA Sun Fac 8, Geo Soldier, Geo Spy, Poggle",1
"Mandaloian Ophace",1,0,106127,Traya,"zzTraya zzDN zSion zzEP Thrawn 9",1
"Mandaloian Ophace",1,0,101484,ShaakClones,"zzShaak Ti, zRex Echo zFives zARC Trooper",1
"Mandaloian Ophace",0,1,109309,BH,"zzBossk zDengar zIG-88 zGreedo zBoba",1
"Mandaloian Ophace",0,1,81309,Phoenix,"zHera Kanan 8, zEzra Sabine 8, Zeb 8",1
"Mandaloian Ophace",0,1,116329,BS,"zBS zzGMY zJolee GK zHYoda",1
"Mandaloian Ophace",1,0,86692,Jawas,"Nebit Jawa Engineer, Jawa Scavenger, Jawa Dathcha",1
"Mandaloian Ophace",,,381300,Negotiator,"Negotiator 5* HT 3* Anakin's Eta-2 Starfighter, Umbaran Starfighter, Ahsoka Tano's Jedi Starfighter, Clone Sergeant's ARC-170, Plo Koon's Jedi Starfighter, Rex's ARC-170",0
"Mandaloian Ophace",0,1,77443,Grievous,"GG B2 5* 7, B1 zDooku T3-M4 9",0
"Mandaloian Ophace",,,71718,Mon Mothma,"Mon Mothma 3* 6, Lando Jyn 8, Biggs Wedge 8",0
"Mandaloian Ophace",1,1,82170,Ewoks,"Chirpa 5* 8, Elder zPaploo Scout zLogray",0
"Mandaloian Ophace",1,1,64399,Carth,"Carth Onasi 7, zMission zZaalbar 9, Juhani 6* 8, Canderous 3* 7",0
"Mandaloian Ophace",1,0,57880,Troopers,"Veers 6* 7, Starck 7, Magma 7, Snowtrooper 8, Stormtrooper 8",0
"Mandaloian Ophace",0,1,66110,BH,"Jango 3* 8, Zam 9, The Mandalorian 4* 9, Cad Greef Karga 4* 7",0
"Mandaloian Ophace",0,1,68645,FO,"KRU 8, Kylo 8, FOO 9, Phasma 8, FOSFTP 7",0
"Mandaloian Ophace",1,0,76685,QGJ,"QGJ 7, Aayla 6* 6, zJKA Old Ben 9, zAhsoka",0
"Jollyrogercjf",0,1,109267,padme,"zzPadme zGK zJKA zAhsoka C-3PO",1
"Jollyrogercjf",1,0,74762,CLS,"zzCLS 8, Han Chewbacca 8, R2-D2 Stormtrooper Han 9",1
"Jollyrogercjf",1,1,77954,Ewoks,"zChirpa 9, Elder Paploo Wicket Logray",1
"Jollyrogercjf",0,1,84561,BH,"zBossk Dengar 9, Cad IG-88 Boba",1
"Jollyrogercjf",0,1,61252,Phoenix,"Hera 8, Kanan 8, Ezra 8, Chopper 8, Zeb 8",1
"Jollyrogercjf",,,311022,Negotiator,"Negotiator 6* HT Anakin's Eta-2 Starfighter, Umbaran Starfighter 6*, Ahsoka Tano's Jedi Starfighter, BTL-B Y-wing Starfighter 2*, Clone Sergeant's ARC-170 6*, Plo Koon's Jedi Starfighter",0
"Jollyrogercjf",1,1,72027,NS,"MT 9, zAV zDaka 9, Zombie Spirit 5* 8",0
"Jollyrogercjf",0,1,85214,Geonosians,"zGBA Sun Fac, Geo Soldier, Geo Spy, Poggle",0
"Jollyrogercjf",0,1,74197,Grievous,"GG 8, B2 Droideka 8, MagnaGuard 9, Dooku",0
"Jollyrogercjf",1,1,65689,zEP,"EP 9, Vader Tarkin 9, TFP 9, Traya 8",0
"Jollyrogercjf",1,0,41611,Clones,"Cody 5* 8, Rex 5* 8, Echo 5* 8, Fives 8, Clone Sergeant 5* 8",0
"Jollyrogercjf",0,1,63899,FO,"zKRU 8, Kylo 8, FOST 9, FOO 9, Phasma 8",0
"Jollyrogercjf",1,0,47234,Wiggs,"Wedge 6* 9, Biggs 8, Leia 9, Chirrut 5* 8, Baze 5* 8",0
"KingZach",1,1,93049,NS,"zzMT zzAV Daka Zombie Spirit",1
"KingZach",,,151206,JMLS,"zzzzzzJMLS zzJKL zzHYoda zzOld Ben, zEzra",1
"KingZach",0,1,126844,padme,"zzPadme zGK zJKA zAhsoka zzC-3PO",1
"KingZach",1,0,154973,CLS,"zzzCLS zHan zzChewbacca zzR2-D2 zChewpio",1
"KingZach",0,1,101655,DR,"zzzDR zHK-47 zBSF Sith Empire Trooper 8, zThrawn",1
"KingZach",,,441462,HansMF,"Home One, Han's MF, Rebel Y-wing, Bistan's U-wing, Phantom Biggs X-wing, Cassian's U-wing, Wedge X-wing",1
"KingZach",,,411039,Negotiator,"Negotiator 6* HT Anakin's Eta-2 Starfighter, Umbaran Starfighter, Ahsoka Tano's Jedi Starfighter, Clone Sergeant's ARC-170, Plo Koon's Jedi Starfighter, Rex's ARC-170",1
"KingZach",1,0,105068,Traya,"zzTraya zDN zSion zzEP zNest",1
"KingZach",,,87927,Mon Mothma,"zzMon Mothma, Pao 8, Chirrut 8, Baze 8, Hoth Rebel Scout",1
"KingZach",1,1,86600,Ewoks,"zChirpa Elder Paploo zWicket zLogray",1
"KingZach",0,1,90434,BH,"zBossk Dengar 9, IG-88 Greedo Boba",1
"KingZach",1,1,88794,Carth,"zCarth Onasi, zMission zZaalbar Juhani zCanderous",1
"KingZach",1,0,82069,Troopers,"zVeers zStarck 9, Snowtrooper DT Range Trooper 9",1
"KingZach",0,1,79791,FO,"zKRU zKylo FOTP 9, FOO 9, FOE 9",1
"KingZach",0,1,80926,Phoenix,"Hera Kanan Chopper Sabine Zeb",1
"KingZach",0,1,73382,Geonosians,"GBA 4* 9, Sun Fac 7, Geo Soldier, Geo Spy, Poggle 8",0
"KingZach",0,1,109123,Grievous,"GG 9, zB2 zB1 zDroideka zMagnaGuard",0
"KingZach",,,331056,Executrix,"Executrix Tie Adv, Emperor's Shuttle, TIE Reaper, Imperial TIE Fighter, Gauntlet Starfighter, First Order SF TIE Fighter 6*, First Order TIE Fighter",0
"KingZach",1,1,87604,GAS,"zzzzGAS 5* zRex Echo 9, zzFives 8, ARC Trooper 5* 8",0
"KingZach",0,1,65226,BH,"Jango 9, Zam 8, The Mandalorian 5* 7, Cad Greef Karga 7",0
"KingZach",1,0,61085,Jawas,"Nebit 8, Jawa Engineer 8, Jawa Scavenger 7, Jawa 7, Dathcha",0
"JaidenHawk",1,1,100386,NS_Alt,"zzMT zzAV zDaka Talia Zombie",1
"JaidenHawk",1,1,117082,JTR,"zzzJTR zScav Rey, zzBB-8 zzR2-D2 zFinn",1
"JaidenHawk",1,1,149673,Revan,"zzzJKR zBS zzGMY zJolee zGK",1
"JaidenHawk",0,1,110787,BH,"zzBossk zDengar zIG-88 zGreedo zBoba",1
"JaidenHawk",1,1,91964,Carth,"zCarth Onasi, zMission 9, zZaalbar 8, zJuhani zCanderous",1
"JaidenHawk",1,1,128675,zEP,"zzEP zzzVader zzTarkin zBSF zSion 9",1
"JaidenHawk",1,0,103353,Wiggs,"Wedge Biggs zzzCLS zHan Leia",1
"JaidenHawk",0,1,69525,Phoenix,"Hera 8, Kanan 8, Ezra 8, Chopper Zeb 8",1
"JaidenHawk",,,329795,Negotiator,"Negotiator 6* HT 5* Anakin's Eta-2 Starfighter 3*, Umbaran Starfighter, Ahsoka Tano's Jedi Starfighter, BTL-B Y-wing Starfighter 3*, Clone Sergeant's ARC-170, Plo Koon's Jedi Starfighter",0
"JaidenHawk",0,1,63143,Geonosians,"GBA 6* 7, Sun Fac 8, Geo Soldier 8, Geo Spy 8, Poggle 8",0
"JaidenHawk",0,1,92378,Grievous,"zzGG B2 6* 7, zNute zDooku 9, zzT3-M4",0
"JaidenHawk",,,61997,Mon Mothma,"Mon Mothma 3* 5, Bistan 8, Lando 8, K-2SO 9, Jyn 7",0
"JaidenHawk",1,0,69479,501st,"Rex 6, Clone Sergeant 9, Echo 7, Fives 9, Ahsoka",0
"JaidenHawk",1,0,56170,Troopers,"Veers 7, Starck 7, Snowtrooper 8, Stormtrooper 5, Range Trooper 4* 8",0
"JaidenHawk",0,1,74278,FO,"KRU 9, Kylo 9, FOTP FOST 9, Phasma",0
"JaidenHawk",1,0,52073,Jawas,"Nebit 8, Jawa Engineer 6* 6, Jawa Scavenger 7, Jawa 5* 7, Dathcha 2",0
"Jazzy",0,1,108800,padme,"zzPadme zGK zJKA zAhsoka zzC-3PO",1
"Jazzy",,,396214,Negotiator,"Negotiator HT Anakin's Eta-2 Starfighter, Umbaran Starfighter, Ahsoka Tano's Jedi Starfighter, BTL-B Y-wing Starfighter 6*, Clone Sergeant's ARC-170, Plo Koon's Jedi Starfighter",1
"Jazzy",1,0,111402,CLS,"zzzCLS zHan zzChewbacca zzR2-D2 Stormtrooper Han",1
"Jazzy",0,1,98376,DR,"zzzDR zzHK-47 zBSF Sith Empire Trooper 8, Sith Assassin 8",1
"Jazzy",,,356040,HansMF,"Home One, Han's MF, Biggs X-wing, Bistan's U-wing, Phantom Ghost Cassian's U-wing, Wedge X-wing",1
"Jazzy",1,1,95532,NS_Alt,"zzMT Acolyte zDaka zzAV Zombie",1
"Jazzy",0,1,91878,Geonosians,"zzGBA Sun Fac, Geo Soldier, Geo Spy, Poggle",1
"Jazzy",1,0,115347,Traya,"zzTraya zzDN zSion zzEP zzThrawn",1
"Jazzy",0,1,97484,Grievous,"zzGG zB2 zB1 zDroideka 9, zMagnaGuard",1
"Jazzy",1,1,122558,Revan Offense,"zzzJKR zzGMY zBS zJolee zzHYoda",1
"Jazzy",1,1,92193,Ewoks,"zChirpa Elder zPaploo zWicket zLogray",1
"Jazzy",0,1,108499,BH,"zzBossk zZam Dengar 9, zzJango zBoba",1
"Jazzy",1,1,98192,Carth,"zCarth Onasi, zMission zZaalbar zJuhani zCanderous",1
"Jazzy",0,1,91128,FO,"zzKRU zKylo FOST 9, FOO FOE",1
"Jazzy",1,0,83604,Clones,"zCody Rex Echo Fives ARC Trooper 8",1
"Jazzy",0,1,75859,Phoenix,"Hera 8, zKanan 8, zEzra Sabine 8, Zeb 8",1
"Jazzy",1,0,70675,Jawas,"Nebit 8, Jawa Engineer 9, Jawa Scavenger 8, Jawa 9, Dathcha 9",1
"Jazzy",1,0,14932,NestSolo (Counter),"Nest 9",1
"Jazzy",,,377918,Executrix,"Executrix Tie Adv, Emperor's Shuttle 6*, TIE Reaper 6*, Imperial TIE Fighter, Gauntlet Starfighter, First Order SF TIE Fighter, First Order TIE Fighter",0
"Jazzy",,,67361,Mon Mothma,"Mon Mothma 4* 8, Lando Chirrut 8, Jyn 8, Hoth Rebel Scout 8",0
"Jazzy",1,0,66056,Troopers,"Veers Starck 7, Stormtrooper DT 8, Range Trooper 5* 8",0
